time,rain_-29,rain_-28,rain_-27,rain_-26,rain_-25,rain_-24,rain_-23,rain_-22,rain_-21,rain_-20,rain_-19,rain_-18,rain_-17,rain_-16,rain_-15,rain_-14,rain_-13,rain_-12,rain_-11,rain_-10,rain_-9,rain_-8,rain_-7,rain_-6,rain_-5,rain_-4,rain_-3,rain_-2,rain_-1,rain_0,baseflow,area,dis,filename
2001/7/11 11:00,0,0,0,0,0,0,0,0,0,0,0,0,0,0,0,0,0,0,0,0,0,0,0,0,0,0,0,0,0,0,8.57,196.86,8.57,event2
2001/7/11 12:00,0,0,0,0,0,0,0,0,0,0,0,0,0,0,0,0,0,0,0,0,0,0,0,0,0,0,0,0,0,0,8.57,196.86,8.27,event2
2001/7/11 13:00,0,0,0,0,0,0,0,0,0,0,0,0,0,0,0,0,0,0,0,0,0,0,0,0,0,0,0,0,0,0.03,8.57,196.86,7.97,event2
2001/7/11 14:00,0,0,0,0,0,0,0,0,0,0,0,0,0,0,0,0,0,0,0,0,0,0,0,0,0,0,0,0,0.03,0.14,8.57,196.86,7.97,event2
2001/7/11 15:00,0,0,0,0,0,0,0,0,0,0,0,0,0,0,0,0,0,0,0,0,0,0,0,0,0,0,0,0.03,0.14,0.14,8.57,196.86,7.97,event2
2001/7/11 16:00,0,0,0,0,0,0,0,0,0,0,0,0,0,0,0,0,0,0,0,0,0,0,0,0,0,0,0.03,0.14,0.14,0,8.57,196.86,10.1,event2
2001/7/11 17:00,0,0,0,0,0,0,0,0,0,0,0,0,0,0,0,0,0,0,0,0,0,0,0,0,0,0.03,0.14,0.14,0,1.5,8.57,196.86,8.86,event2
2001/7/11 18:00,0,0,0,0,0,0,0,0,0,0,0,0,0,0,0,0,0,0,0,0,0,0,0,0,0.03,0.14,0.14,0,1.5,5.78,8.57,196.86,8.86,event2
2001/7/11 19:00,0,0,0,0,0,0,0,¡¤,0,0,0,0,0,0,0,0,0,0,0,0,0,0,0,0.03,0.14,0.14,0,1.5,5.78,0.81,8.57,196.86,9.78,event2
2001/7/11 20:00,0,0,0,0,0,0,0,0,0,0,0,0,0,0,0,0,0,0,0,0,0,0,0.03,0.14,0.14,0,1.5,5.78,0.81,0,8.57,196.86,10.7,event2
2001/7/11 21:00,0,0,0,0,0,0,0,0,0,0,0,0,0,0,0,0,0,0,0,0,0,0.03,0.14,0.14,0,1.5,5.78,0.81,0,0,8.57,196.86,10.55,event2
2001/7/11 22:00,0,0,0,0,0,0,0,0,0,0,0,0,0,0,0,0,0,0,0,0,0.03,0.14,0.14,0,1.5,5.78,0.81,0,0,0,8.57,196.86,10.4,event2
2001/7/11 23:00,0,0,0,0,0,0,0,0,0,0,0,0,0,0,0,0,0,0,0,0.03,0.14,0.14,0,1.5,5.78,0.81,0,0,0,0,8.57,196.86,29.7,event2
2001/7/12 0:00,0,0,0,0,0,0,0,0,0,0,0,0,0,0,0,0,0,0,0.03,0.14,0.14,0,1.5,5.78,0.81,0,0,0,0,0,8.57,196.86,21,event2
2001/7/12 1:00,0,0,0,0,0,0,0,0,0,0,0,0,0,0,0,0,0,0.03,0.14,0.14,0,1.5,5.78,0.81,0,0,0,0,0,0,8.57,196.86,17.75,event2
2001/7/12 2:00,0,0,0,0,0,0,0,0,0,0,0,0,0,0,0,0,0.03,0.14,0.14,0,1.5,5.78,0.81,0,0,0,0,0,0,0,8.57,196.86,14.5,event2
2001/7/12 3:00,0,0,0,0,0,0,0,0,0,0,0,0,0,0,0,0.03,0.14,0.14,0,1.5,5.78,0.81,0,0,0,0,0,0,0,0,8.57,196.86,13.47,event2
2001/7/12 4:00,0,0,0,0,0,0,0,0,0,0,0,0,0,0,0.03,0.14,0.14,0,1.5,5.78,0.81,0,0,0,0,0,0,0,0,0,8.57,196.86,12.43,event2
2001/7/12 5:00,0,0,0,0,0,0,0,0,0,0,0,0,0,0.03,0.14,0.14,0,1.5,5.78,0.81,0,0,0,0,0,0,0,0,0,0,8.57,196.86,11.4,event2
2001/7/12 6:00,0,0,0,0,0,0,0,0,0,0,0,0,0.03,0.14,0.14,0,1.5,5.78,0.81,0,0,0,0,0,0,0,0,0,0,0,8.57,196.86,11.07,event2
2001/7/12 7:00,0,0,0,0,0,0,0,0,0,0,0,0.03,0.14,0.14,0,1.5,5.78,0.81,0,0,0,0,0,0,0,0,0,0,0,0,8.57,196.86,10.73,event2
2001/7/12 8:00,0,0,0,0,0,0,0,0,0,0,0.03,0.14,0.14,0,1.5,5.78,0.81,0,0,0,0,0,0,0,0,0,0,0,0,0,8.57,196.86,10.4,event2
2001/7/12 9:00,0,0,0,0,0,0,0,0,0,0.03,0.14,0.14,0,1.5,5.78,0.81,0,0,0,0,0,0,0,0,0,0,0,0,0,0,8.57,196.86,10.22,event2
2001/7/12 10:00,0,0,0,0,0,0,0,0,0.03,0.14,0.14,0,1.5,5.78,0.81,0,0,0,0,0,0,0,0,0,0,0,0,0,0,0,8.57,196.86,10.05,event2
2001/7/12 11:00,0,0,0,0,0,0,0,0.03,0.14,0.14,0,1.5,5.78,0.81,0,0,0,0,0,0,0,0,0,0,0,0,0,0,0,0,8.57,196.86,9.87,event2
2001/7/12 12:00,0,0,0,0,0,0,0.03,0.14,0.14,0,1.5,5.78,0.81,0,0,0,0,0,0,0,0,0,0,0,0,0,0,0,0,0,8.57,196.86,9.69,event2
2001/7/12 13:00,0,0,0,0,0,0.03,0.14,0.14,0,1.5,5.78,0.81,0,0,0,0,0,0,0,0,0,0,0,0,0,0,0,0,0,0,8.57,196.86,9.51,event2
2001/7/12 14:00,0,0,0,0,0.03,0.14,0.14,0,1.5,5.78,0.81,0,0,0,0,0,0,0,0,0,0,0,0,0,0,0,0,0,0,2.1,8.57,196.86,9.34,event2
2001/7/12 15:00,0,0,0,0.03,0.14,0.14,0,1.5,5.78,0.81,0,0,0,0,0,0,0,0,0,0,0,0,0,0,0,0,0,0,2.1,44.21,8.57,196.86,9.16,event2
2001/7/12 16:00,0,0,0.03,0.14,0.14,0,1.5,5.78,0.81,0,0,0,0,0,0,0,0,0,0,0,0,0,0,0,0,0,0,2.1,44.21,1.44,8.57,196.86,24.6,event2
2001/7/12 17:00,0,0.03,0.14,0.14,0,1.5,5.78,0.81,0,0,0,0,0,0,0,0,0,0,0,0,0,0,0,0,0,0,2.1,44.21,1.44,12.93,8.57,196.86,104,event2
2001/7/12 18:00,0.03,0.14,0.14,0,1.5,5.78,0.81,0,0,0,0,0,0,0,0,0,0,0,0,0,0,0,0,0,0,2.1,44.21,1.44,12.93,0.5,8.57,196.86,110,event2
2001/7/12 19:00,0.14,0.14,0,1.5,5.78,0.81,0,0,0,0,0,0,0,0,0,0,0,0,0,0,0,0,0,0,2.1,44.21,1.44,12.93,0.5,0.13,8.57,196.86,97,event2
2001/7/12 20:00,0.14,0,1.5,5.78,0.81,0,0,0,0,0,0,0,0,0,0,0,0,0,0,0,0,0,0,2.1,44.21,1.44,12.93,0.5,0.13,0.77,8.57,196.86,92.4,event2
2001/7/12 21:00,0,1.5,5.78,0.81,0,0,0,0,0,0,0,0,0,0,0,0,0,0,0,0,0,0,2.1,44.21,1.44,12.93,0.5,0.13,0.77,0.53,8.57,196.86,74.9,event2
2001/7/12 22:00,1.5,5.78,0.81,0,0,0,0,0,0,0,0,0,0,0,0,0,0,0,0,0,0,2.1,44.21,1.44,12.93,0.5,0.13,0.77,0.53,0,8.57,196.86,57.4,event2
2001/7/12 23:00,5.78,0.81,0,0,0,0,0,0,0,0,0,0,0,0,0,0,0,0,0,0,2.1,44.21,1.44,12.93,0.5,0.13,0.77,0.53,0,0,8.57,196.86,49.2,event2
2001/7/13 0:00,0.81,0,0,0,0,0,0,0,0,0,0,0,0,0,0,0,0,0,0,2.1,44.21,1.44,12.93,0.5,0.13,0.77,0.53,0,0,0,8.57,196.86,41,event2
2001/7/13 1:00,0,0,0,0,0,0,0,0,0,0,0,0,0,0,0,0,0,0,2.1,44.21,1.44,12.93,0.5,0.13,0.77,0.53,0,0,0,0,8.57,196.86,37.17,event2
2001/7/13 2:00,0,0,0,0,0,0,0,0,0,0,0,0,0,0,0,0,0,2.1,44.21,1.44,12.93,0.5,0.13,0.77,0.53,0,0,0,0,0,8.57,196.86,33.35,event2
2001/7/13 3:00,0,0,0,0,0,0,0,0,0,0,0,0,0,0,0,0,2.1,44.21,1.44,12.93,0.5,0.13,0.77,0.53,0,0,0,0,0,0,8.57,196.86,29.52,event2
2001/7/13 4:00,0,0,0,0,0,0,0,0,0,0,0,0,0,0,0,2.1,44.21,1.44,12.93,0.5,0.13,0.77,0.53,0,0,0,0,0,0,0,8.57,196.86,25.7,event2
2001/7/13 5:00,0,0,0,0,0,0,0,0,0,0,0,0,0,0,2.1,44.21,1.44,12.93,0.5,0.13,0.77,0.53,0,0,0,0,0,0,0,0,8.57,196.86,24.15,event2
2001/7/13 6:00,0,0,0,0,0,0,0,0,0,0,0,0,0,2.1,44.21,1.44,12.93,0.5,0.13,0.77,0.53,0,0,0,0,0,0,0,0,0,8.57,196.86,22.6,event2
2001/7/13 7:00,0,0,0,0,0,0,0,0,0,0,0,0,2.1,44.21,1.44,12.93,0.5,0.13,0.77,0.53,0,0,0,0,0,0,0,0,0,0,8.57,196.86,21.05,event2
2001/7/13 8:00,0,0,0,0,0,0,0,0,0,0,0,2.1,44.21,1.44,12.93,0.5,0.13,0.77,0.53,0,0,0,0,0,0,0,0,0,0,0,8.57,196.86,19.5,event2
2001/7/13 9:00,0,0,0,0,0,0,0,0,0,0,2.1,44.21,1.44,12.93,0.5,0.13,0.77,0.53,0,0,0,0,0,0,0,0,0,0,0,0,8.57,196.86,18.73,event2
2001/7/13 10:00,0,0,0,0,0,0,0,0,0,2.1,44.21,1.44,12.93,0.5,0.13,0.77,0.53,0,0,0,0,0,0,0,0,0,0,0,0,0,8.57,196.86,17.95,event2
2001/7/13 11:00,0,0,0,0,0,0,0,0,2.1,44.21,1.44,12.93,0.5,0.13,0.77,0.53,0,0,0,0,0,0,0,0,0,0,0,0,0,0,8.57,196.86,17.18,event2
2001/7/13 12:00,0,0,0,0,0,0,0,2.1,44.21,1.44,12.93,0.5,0.13,0.77,0.53,0,0,0,0,0,0,0,0,0,0,0,0,0,0,0,8.57,196.86,16.4,event2
2001/7/13 13:00,0,0,0,0,0,0,2.1,44.21,1.44,12.93,0.5,0.13,0.77,0.53,0,0,0,0,0,0,0,0,0,0,0,0,0,0,0,0,8.57,196.86,16.08,event2
2001/7/13 14:00,0,0,0,0,0,2.1,44.21,1.44,12.93,0.5,0.13,0.77,0.53,0,0,0,0,0,0,0,0,0,0,0,0,0,0,0,0,0.12,8.57,196.86,15.76,event2
2001/7/13 15:00,0,0,0,0,2.1,44.21,1.44,12.93,0.5,0.13,0.77,0.53,0,0,0,0,0,0,0,0,0,0,0,0,0,0,0,0,0.12,0,8.57,196.86,15.44,event2
2001/7/13 16:00,0,0,0,2.1,44.21,1.44,12.93,0.5,0.13,0.77,0.53,0,0,0,0,0,0,0,0,0,0,0,0,0,0,0,0,0.12,0,0.25,8.57,196.86,15.12,event2
2001/7/13 17:00,0,0,2.1,44.21,1.44,12.93,0.5,0.13,0.77,0.53,0,0,0,0,0,0,0,0,0,0,0,0,0,0,0,0,0.12,0,0.25,2.95,8.57,196.86,14.8,event2
2001/7/13 18:00,0,2.1,44.21,1.44,12.93,0.5,0.13,0.77,0.53,0,0,0,0,0,0,0,0,0,0,0,0,0,0,0,0,0.12,0,0.25,2.95,0.14,8.57,196.86,15.6,event2
2001/7/13 19:00,2.1,44.21,1.44,12.93,0.5,0.13,0.77,0.53,0,0,0,0,0,0,0,0,0,0,0,0,0,0,0,0,0.12,0,0.25,2.95,0.14,0.14,8.57,196.86,26.8,event2
2001/7/13 20:00,44.21,1.44,12.93,0.5,0.13,0.77,0.53,0,0,0,0,0,0,0,0,0,0,0,0,0,0,0,0,0.12,0,0.25,2.95,0.14,0.14,0,8.57,196.86,24.9,event2
2001/7/13 21:00,1.44,12.93,0.5,0.13,0.77,0.53,0,0,0,0,0,0,0,0,0,0,0,0,0,0,0,0,0.12,0,0.25,2.95,0.14,0.14,0,0.14,8.57,196.86,23,event2
2001/7/13 22:00,12.93,0.5,0.13,0.77,0.53,0,0,0,0,0,0,0,0,0,0,0,0,0,0,0,0,0.12,0,0.25,2.95,0.14,0.14,0,0.14,0,8.57,196.86,21.4,event2
2001/7/13 23:00,0.5,0.13,0.77,0.53,0,0,0,0,0,0,0,0,0,0,0,0,0,0,0,0,0.12,0,0.25,2.95,0.14,0.14,0,0.14,0,0,8.57,196.86,19.8,event2
2001/7/14 0:00,0.13,0.77,0.53,0,0,0,0,0,0,0,0,0,0,0,0,0,0,0,0,0.12,0,0.25,2.95,0.14,0.14,0,0.14,0,0,0,8.57,196.86,18.2,event2
2001/7/14 1:00,0.77,0.53,0,0,0,0,0,0,0,0,0,0,0,0,0,0,0,0,0.12,0,0.25,2.95,0.14,0.14,0,0.14,0,0,0,0,8.57,196.86,17.3,event2
2001/7/14 2:00,0.53,0,0,0,0,0,0,0,0,0,0,0,0,0,0,0,0,0.12,0,0.25,2.95,0.14,0.14,0,0.14,0,0,0,0,0,8.57,196.86,16.4,event2
2001/7/14 3:00,0,0,0,0,0,0,0,0,0,0,0,0,0,0,0,0,0.12,0,0.25,2.95,0.14,0.14,0,0.14,0,0,0,0,0,0,8.57,196.86,16.13,event2
2001/7/14 4:00,0,0,0,0,0,0,0,0,0,0,0,0,0,0,0,0.12,0,0.25,2.95,0.14,0.14,0,0.14,0,0,0,0,0,0,0,8.57,196.86,15.87,event2
2009/7/2 22:00,0,0,0,0,0,0,0,0,0,0,0,0,0,0,0,0,0,0,0,0,0,0,0,0,0,0,0,0,0,0,4.24,196.86,4.24,event9
2009/7/2 23:00,0,0,0,0,0,0,0,0,0,0,0,0,0,0,0,0,0,0,0,0,0,0,0,0,0,0,0,0,0,0,4.24,196.86,4.24,event9
2009/7/3 0:00,0,0,0,0,0,0,0,0,0,0,0,0,0,0,0,0,0,0,0,0,0,0,0,0,0,0,0,0,0,1.33,4.24,196.86,4.24,event9
2009/7/3 1:00,0,0,0,0,0,0,0,0,0,0,0,0,0,0,0,0,0,0,0,0,0,0,0,0,0,0,0,0,1.33,0,4.24,196.86,4.64,event9
2009/7/3 2:00,0,0,0,0,0,0,0,0,0,0,0,0,0,0,0,0,0,0,0,0,0,0,0,0,0,0,0,1.33,0,0,4.24,196.86,5.04,event9
2009/7/3 3:00,0,0,0,0,0,0,0,0,0,0,0,0,0,0,0,0,0,0,0,0,0,0,0,0,0,0,1.33,0,0,0.35,4.24,196.86,5.45,event9
2009/7/3 4:00,0,0,0,0,0,0,0,0,0,0,0,0,0,0,0,0,0,0,0,0,0,0,0,0,0,1.33,0,0,0.35,0.5,4.24,196.86,5.85,event9
2009/7/3 5:00,0,0,0,0,0,0,0,0,0,0,0,0,0,0,0,0,0,0,0,0,0,0,0,0,1.33,0,0,0.35,0.5,0,4.24,196.86,6.25,event9
2009/7/3 6:00,0,0,0,0,0,0,0,0,0,0,0,0,0,0,0,0,0,0,0,0,0,0,0,1.33,0,0,0.35,0.5,0,0,4.24,196.86,5.97,event9
2009/7/3 7:00,0,0,0,0,0,0,0,0,0,0,0,0,0,0,0,0,0,0,0,0,0,0,1.33,0,0,0.35,0.5,0,0,0,4.24,196.86,5.7,event9
2009/7/3 8:00,0,0,0,0,0,0,0,0,0,0,0,0,0,0,0,0,0,0,0,0,0,1.33,0,0,0.35,0.5,0,0,0,0.65,4.24,196.86,5.42,event9
2009/7/3 9:00,0,0,0,0,0,0,0,0,0,0,0,0,0,0,0,0,0,0,0,0,1.33,0,0,0.35,0.5,0,0,0,0.65,2.31,4.24,196.86,5.82,event9
2009/7/3 10:00,0,0,0,0,0,0,0,0,0,0,0,0,0,0,0,0,0,0,0,1.33,0,0,0.35,0.5,0,0,0,0.65,2.31,0.5,4.24,196.86,6.22,event9
2009/7/3 11:00,0,0,0,0,0,0,0,0,0,0,0,0,0,0,0,0,0,0,1.33,0,0,0.35,0.5,0,0,0,0.65,2.31,0.5,0.15,4.24,196.86,6.62,event9
2009/7/3 12:00,0,0,0,0,0,0,0,0,0,0,0,0,0,0,0,0,0,1.33,0,0,0.35,0.5,0,0,0,0.65,2.31,0.5,0.15,1.21,4.24,196.86,7.02,event9
2009/7/3 13:00,0,0,0,0,0,0,0,0,0,0,0,0,0,0,0,0,1.33,0,0,0.35,0.5,0,0,0,0.65,2.31,0.5,0.15,1.21,5.29,4.24,196.86,7.42,event9
2009/7/3 14:00,0,0,0,0,0,0,0,0,0,0,0,0,0,0,0,1.33,0,0,0.35,0.5,0,0,0,0.65,2.31,0.5,0.15,1.21,5.29,6.53,4.24,196.86,7.82,event9
2009/7/3 15:00,0,0,0,0,0,0,0,0,0,0,0,0,0,0,1.33,0,0,0.35,0.5,0,0,0,0.65,2.31,0.5,0.15,1.21,5.29,6.53,11.56,4.24,196.86,11.88,event9
2009/7/3 16:00,0,0,0,0,0,0,0,0,0,0,0,0,0,1.33,0,0,0.35,0.5,0,0,0,0.65,2.31,0.5,0.15,1.21,5.29,6.53,11.56,6.33,4.24,196.86,15.94,event9
2009/7/3 17:00,0,0,0,0,0,0,0,0,0,0,0,0,1.33,0,0,0.35,0.5,0,0,0,0.65,2.31,0.5,0.15,1.21,5.29,6.53,11.56,6.33,2.37,4.24,196.86,20,event9
2009/7/3 18:00,0,0,0,0,0,0,0,0,0,0,0,1.33,0,0,0.35,0.5,0,0,0,0.65,2.31,0.5,0.15,1.21,5.29,6.53,11.56,6.33,2.37,0.35,4.24,196.86,41.3,event9
2009/7/3 19:00,0,0,0,0,0,0,0,0,0,0,1.33,0,0,0.35,0.5,0,0,0,0.65,2.31,0.5,0.15,1.21,5.29,6.53,11.56,6.33,2.37,0.35,0,4.24,196.86,62.6,event9
2009/7/3 20:00,0,0,0,0,0,0,0,0,0,1.33,0,0,0.35,0.5,0,0,0,0.65,2.31,0.5,0.15,1.21,5.29,6.53,11.56,6.33,2.37,0.35,0,0,4.24,196.86,54.78,event9
2009/7/3 21:00,0,0,0,0,0,0,0,0,1.33,0,0,0.35,0.5,0,0,0,0.65,2.31,0.5,0.15,1.21,5.29,6.53,11.56,6.33,2.37,0.35,0,0,0,4.24,196.86,46.96,event9
2009/7/3 22:00,0,0,0,0,0,0,0,1.33,0,0,0.35,0.5,0,0,0,0.65,2.31,0.5,0.15,1.21,5.29,6.53,11.56,6.33,2.37,0.35,0,0,0,0,4.24,196.86,39.14,event9
2009/7/3 23:00,0,0,0,0,0,0,1.33,0,0,0.35,0.5,0,0,0,0.65,2.31,0.5,0.15,1.21,5.29,6.53,11.56,6.33,2.37,0.35,0,0,0,0,0,4.24,196.86,31.32,event9
2009/7/4 0:00,0,0,0,0,0,1.33,0,0,0.35,0.5,0,0,0,0.65,2.31,0.5,0.15,1.21,5.29,6.53,11.56,6.33,2.37,0.35,0,0,0,0,0,0,4.24,196.86,23.5,event9
2009/7/4 1:00,0,0,0,0,1.33,0,0,0.35,0.5,0,0,0,0.65,2.31,0.5,0.15,1.21,5.29,6.53,11.56,6.33,2.37,0.35,0,0,0,0,0,0,0,4.24,196.86,21.6,event9
2009/7/4 2:00,0,0,0,1.33,0,0,0.35,0.5,0,0,0,0.65,2.31,0.5,0.15,1.21,5.29,6.53,11.56,6.33,2.37,0.35,0,0,0,0,0,0,0,0,4.24,196.86,19.7,event9
2009/7/4 3:00,0,0,1.33,0,0,0.35,0.5,0,0,0,0.65,2.31,0.5,0.15,1.21,5.29,6.53,11.56,6.33,2.37,0.35,0,0,0,0,0,0,0,0,0,4.24,196.86,17.8,event9
2009/7/4 4:00,0,1.33,0,0,0.35,0.5,0,0,0,0.65,2.31,0.5,0.15,1.21,5.29,6.53,11.56,6.33,2.37,0.35,0,0,0,0,0,0,0,0,0,0,4.24,196.86,15.9,event9
2009/7/4 5:00,1.33,0,0,0.35,0.5,0,0,0,0.65,2.31,0.5,0.15,1.21,5.29,6.53,11.56,6.33,2.37,0.35,0,0,0,0,0,0,0,0,0,0,0,4.24,196.86,15.4,event9
2009/7/4 6:00,0,0,0.35,0.5,0,0,0,0.65,2.31,0.5,0.15,1.21,5.29,6.53,11.56,6.33,2.37,0.35,0,0,0,0,0,0,0,0,0,0,0,0,4.24,196.86,14.9,event9
2009/7/4 7:00,0,0.35,0.5,0,0,0,0.65,2.31,0.5,0.15,1.21,5.29,6.53,11.56,6.33,2.37,0.35,0,0,0,0,0,0,0,0,0,0,0,0,0,4.24,196.86,14.4,event9
2009/7/4 8:00,0.35,0.5,0,0,0,0.65,2.31,0.5,0.15,1.21,5.29,6.53,11.56,6.33,2.37,0.35,0,0,0,0,0,0,0,0,0,0,0,0,0,0,4.24,196.86,13.9,event9
2009/7/4 9:00,0.5,0,0,0,0.65,2.31,0.5,0.15,1.21,5.29,6.53,11.56,6.33,2.37,0.35,0,0,0,0,0,0,0,0,0,0,0,0,0,0,0,4.24,196.86,13.32,event9
2009/7/4 10:00,0,0,0,0.65,2.31,0.5,0.15,1.21,5.29,6.53,11.56,6.33,2.37,0.35,0,0,0,0,0,0,0,0,0,0,0,0,0,0,0,0.15,4.24,196.86,12.75,event9
2009/7/4 11:00,0,0,0.65,2.31,0.5,0.15,1.21,5.29,6.53,11.56,6.33,2.37,0.35,0,0,0,0,0,0,0,0,0,0,0,0,0,0,0,0.15,0,4.24,196.86,12.18,event9
2009/7/4 12:00,0,0.65,2.31,0.5,0.15,1.21,5.29,6.53,11.56,6.33,2.37,0.35,0,0,0,0,0,0,0,0,0,0,0,0,0,0,0,0.15,0,0,4.24,196.86,11.6,event9
2009/7/4 13:00,0.65,2.31,0.5,0.15,1.21,5.29,6.53,11.56,6.33,2.37,0.35,0,0,0,0,0,0,0,0,0,0,0,0,0,0,0,0.15,0,0,0,4.24,196.86,11.41,event9
2009/7/4 14:00,2.31,0.5,0.15,1.21,5.29,6.53,11.56,6.33,2.37,0.35,0,0,0,0,0,0,0,0,0,0,0,0,0,0,0,0.15,0,0,0,0.35,4.24,196.86,11.23,event9
2009/7/4 15:00,0.5,0.15,1.21,5.29,6.53,11.56,6.33,2.37,0.35,0,0,0,0,0,0,0,0,0,0,0,0,0,0,0,0.15,0,0,0,0.35,0,4.24,196.86,11.04,event9
2009/7/4 16:00,0.15,1.21,5.29,6.53,11.56,6.33,2.37,0.35,0,0,0,0,0,0,0,0,0,0,0,0,0,0,0,0.15,0,0,0,0.35,0,0,4.24,196.86,10.86,event9
2009/7/4 17:00,1.21,5.29,6.53,11.56,6.33,2.37,0.35,0,0,0,0,0,0,0,0,0,0,0,0,0,0,0,0.15,0,0,0,0.35,0,0,4.2,4.24,196.86,10.67,event9
2009/7/4 18:00,5.29,6.53,11.56,6.33,2.37,0.35,0,0,0,0,0,0,0,0,0,0,0,0,0,0,0,0.15,0,0,0,0.35,0,0,4.2,0.53,4.24,196.86,10.49,event9
2009/7/4 19:00,6.53,11.56,6.33,2.37,0.35,0,0,0,0,0,0,0,0,0,0,0,0,0,0,0,0.15,0,0,0,0.35,0,0,4.2,0.53,0.53,4.24,196.86,10.3,event9
2009/7/4 20:00,11.56,6.33,2.37,0.35,0,0,0,0,0,0,0,0,0,0,0,0,0,0,0,0.15,0,0,0,0.35,0,0,4.2,0.53,0.53,0,4.24,196.86,10.3,event9
2009/7/4 21:00,6.33,2.37,0.35,0,0,0,0,0,0,0,0,0,0,0,0,0,0,0,0.15,0,0,0,0.35,0,0,4.2,0.53,0.53,0,0,4.24,196.86,10.3,event9
2009/7/4 22:00,2.37,0.35,0,0,0,0,0,0,0,0,0,0,0,0,0,0,0,0.15,0,0,0,0.35,0,0,4.2,0.53,0.53,0,0,0,4.24,196.86,10.3,event9
2009/7/4 23:00,0.35,0,0,0,0,0,0,0,0,0,0,0,0,0,0,0,0.15,0,0,0,0.35,0,0,4.2,0.53,0.53,0,0,0,0,4.24,196.86,10.3,event9
2009/7/5 0:00,0,0,0,0,0,0,0,0,0,0,0,0,0,0,0,0.15,0,0,0,0.35,0,0,4.2,0.53,0.53,0,0,0,0,0,4.24,196.86,11.6,event9
2009/7/5 1:00,0,0,0,0,0,0,0,0,0,0,0,0,0,0,0.15,0,0,0,0.35,0,0,4.2,0.53,0.53,0,0,0,0,0,0,4.24,196.86,11.26,event9
2009/7/5 2:00,0,0,0,0,0,0,0,0,0,0,0,0,0,0.15,0,0,0,0.35,0,0,4.2,0.53,0.53,0,0,0,0,0,0,0,4.24,196.86,10.92,event9
2009/7/5 3:00,0,0,0,0,0,0,0,0,0,0,0,0,0.15,0,0,0,0.35,0,0,4.2,0.53,0.53,0,0,0,0,0,0,0,0,4.24,196.86,10.58,event9
2009/7/5 4:00,0,0,0,0,0,0,0,0,0,0,0,0.15,0,0,0,0.35,0,0,4.2,0.53,0.53,0,0,0,0,0,0,0,0,0,4.24,196.86,10.24,event9
2009/7/5 5:00,0,0,0,0,0,0,0,0,0,0,0.15,0,0,0,0.35,0,0,4.2,0.53,0.53,0,0,0,0,0,0,0,0,0,0,4.24,196.86,9.9,event9
2009/7/5 6:00,0,0,0,0,0,0,0,0,0,0.15,0,0,0,0.35,0,0,4.2,0.53,0.53,0,0,0,0,0,0,0,0,0,0,0,4.24,196.86,9.62,event9
2009/7/5 7:00,0,0,0,0,0,0,0,0,0.15,0,0,0,0.35,0,0,4.2,0.53,0.53,0,0,0,0,0,0,0,0,0,0,0,0,4.24,196.86,9.34,event9
2009/7/5 8:00,0,0,0,0,0,0,0,0.15,0,0,0,0.35,0,0,4.2,0.53,0.53,0,0,0,0,0,0,0,0,0,0,0,0,0,4.24,196.86,9.06,event9
2009/7/5 9:00,0,0,0,0,0,0,0.15,0,0,0,0.35,0,0,4.2,0.53,0.53,0,0,0,0,0,0,0,0,0,0,0,0,0,0,4.24,196.86,8.91,event9
2009/7/5 10:00,0,0,0,0,0,0.15,0,0,0,0.35,0,0,4.2,0.53,0.53,0,0,0,0,0,0,0,0,0,0,0,0,0,0,0,4.24,196.86,8.76,event9
2009/7/5 11:00,0,0,0,0,0.15,0,0,0,0.35,0,0,4.2,0.53,0.53,0,0,0,0,0,0,0,0,0,0,0,0,0,0,0,0,4.24,196.86,8.61,event9
2009/7/5 12:00,0,0,0,0.15,0,0,0,0.35,0,0,4.2,0.53,0.53,0,0,0,0,0,0,0,0,0,0,0,0,0,0,0,0,0,4.24,196.86,8.46,event9
2009/7/5 13:00,0,0,0.15,0,0,0,0.35,0,0,4.2,0.53,0.53,0,0,0,0,0,0,0,0,0,0,0,0,0,0,0,0,0,0,4.24,196.86,8.31,event9
2009/7/5 14:00,0,0.15,0,0,0,0.35,0,0,4.2,0.53,0.53,0,0,0,0,0,0,0,0,0,0,0,0,0,0,0,0,0,0,0,4.24,196.86,8.17,event9
2009/7/5 15:00,0.15,0,0,0,0.35,0,0,4.2,0.53,0.53,0,0,0,0,0,0,0,0,0,0,0,0,0,0,0,0,0,0,0,0,4.24,196.86,8.02,event9
2009/7/5 16:00,0,0,0,0.35,0,0,4.2,0.53,0.53,0,0,0,0,0,0,0,0,0,0,0,0,0,0,0,0,0,0,0,0,0,4.24,196.86,7.87,event9
2009/7/5 17:00,0,0,0.35,0,0,4.2,0.53,0.53,0,0,0,0,0,0,0,0,0,0,0,0,0,0,0,0,0,0,0,0,0,0,4.24,196.86,7.72,event9
2009/7/5 18:00,0,0.35,0,0,4.2,0.53,0.53,0,0,0,0,0,0,0,0,0,0,0,0,0,0,0,0,0,0,0,0,0,0,0,4.24,196.86,7.57,event9
2009/7/5 19:00,0.35,0,0,4.2,0.53,0.53,0,0,0,0,0,0,0,0,0,0,0,0,0,0,0,0,0,0,0,0,0,0,0,0.59,4.24,196.86,7.42,event9
2009/7/5 20:00,0,0,4.2,0.53,0.53,0,0,0,0,0,0,0,0,0,0,0,0,0,0,0,0,0,0,0,0,0,0,0,0.59,0.74,4.24,196.86,8.11,event9
2009/7/5 21:00,0,4.2,0.53,0.53,0,0,0,0,0,0,0,0,0,0,0,0,0,0,0,0,0,0,0,0,0,0,0,0.59,0.74,0,4.24,196.86,8.79,event9
2009/7/5 22:00,4.2,0.53,0.53,0,0,0,0,0,0,0,0,0,0,0,0,0,0,0,0,0,0,0,0,0,0,0,0.59,0.74,0,0,4.24,196.86,9.48,event9
2009/7/5 23:00,0.53,0.53,0,0,0,0,0,0,0,0,0,0,0,0,0,0,0,0,0,0,0,0,0,0,0,0.59,0.74,0,0,0,4.24,196.86,7.82,event9
2009/7/6 0:00,0.53,0,0,0,0,0,0,0,0,0,0,0,0,0,0,0,0,0,0,0,0,0,0,0,0.59,0.74,0,0,0,0,4.24,196.86,7.82,event9
2009/7/6 1:00,0,0,0,0,0,0,0,0,0,0,0,0,0,0,0,0,0,0,0,0,0,0,0,0.59,0.74,0,0,0,0,0,4.24,196.86,7.81,event9
2009/7/6 2:00,0,0,0,0,0,0,0,0,0,0,0,0,0,0,0,0,0,0,0,0,0,0,0.59,0.74,0,0,0,0,0,0,4.24,196.86,7.81,event9
2009/7/6 3:00,0,0,0,0,0,0,0,0,0,0,0,0,0,0,0,0,0,0,0,0,0,0.59,0.74,0,0,0,0,0,0,0,4.24,196.86,7.81,event9
2009/7/6 4:00,0,0,0,0,0,0,0,0,0,0,0,0,0,0,0,0,0,0,0,0,0.59,0.74,0,0,0,0,0,0,0,0,4.24,196.86,7.81,event9
2009/7/6 5:00,0,0,0,0,0,0,0,0,0,0,0,0,0,0,0,0,0,0,0,0.59,0.74,0,0,0,0,0,0,0,0,0,4.24,196.86,7.8,event9
2009/7/6 6:00,0,0,0,0,0,0,0,0,0,0,0,0,0,0,0,0,0,0,0.59,0.74,0,0,0,0,0,0,0,0,0,0,4.24,196.86,7.8,event9
2009/7/6 7:00,0,0,0,0,0,0,0,0,0,0,0,0,0,0,0,0,0,0.59,0.74,0,0,0,0,0,0,0,0,0,0,0,4.24,196.86,7.8,event9
2009/7/6 8:00,0,0,0,0,0,0,0,0,0,0,0,0,0,0,0,0,0.59,0.74,0,0,0,0,0,0,0,0,0,0,0,0,4.24,196.86,7.79,event9
2009/7/6 9:00,0,0,0,0,0,0,0,0,0,0,0,0,0,0,0,0.59,0.74,0,0,0,0,0,0,0,0,0,0,0,0,0,4.24,196.86,7.79,event9
2009/7/6 10:00,0,0,0,0,0,0,0,0,0,0,0,0,0,0,0.59,0.74,0,0,0,0,0,0,0,0,0,0,0,0,0,0,4.24,196.86,7.79,event9
2009/7/6 11:00,0,0,0,0,0,0,0,0,0,0,0,0,0,0.59,0.74,0,0,0,0,0,0,0,0,0,0,0,0,0,0,0,4.24,196.86,7.79,event9
2009/7/6 12:00,0,0,0,0,0,0,0,0,0,0,0,0,0.59,0.74,0,0,0,0,0,0,0,0,0,0,0,0,0,0,0,0,4.24,196.86,7.78,event9
2009/7/6 13:00,0,0,0,0,0,0,0,0,0,0,0,0.59,0.74,0,0,0,0,0,0,0,0,0,0,0,0,0,0,0,0,0,4.24,196.86,7.78,event9
2009/7/6 14:00,0,0,0,0,0,0,0,0,0,0,0.59,0.74,0,0,0,0,0,0,0,0,0,0,0,0,0,0,0,0,0,0,4.24,196.86,7.78,event9
2009/7/6 15:00,0,0,0,0,0,0,0,0,0,0.59,0.74,0,0,0,0,0,0,0,0,0,0,0,0,0,0,0,0,0,0,0,4.24,196.86,7.77,event9
2009/7/6 16:00,0,0,0,0,0,0,0,0,0.59,0.74,0,0,0,0,0,0,0,0,0,0,0,0,0,0,0,0,0,0,0,0,4.24,196.86,7.77,event9
2009/7/6 17:00,0,0,0,0,0,0,0,0.59,0.74,0,0,0,0,0,0,0,0,0,0,0,0,0,0,0,0,0,0,0,0,0,4.24,196.86,7.77,event9
2009/7/6 18:00,0,0,0,0,0,0,0.59,0.74,0,0,0,0,0,0,0,0,0,0,0,0,0,0,0,0,0,0,0,0,0,0,4.24,196.86,7.77,event9
2009/7/6 19:00,0,0,0,0,0,0.59,0.74,0,0,0,0,0,0,0,0,0,0,0,0,0,0,0,0,0,0,0,0,0,0,0,4.24,196.86,7.76,event9
2009/7/6 20:00,0,0,0,0,0.59,0.74,0,0,0,0,0,0,0,0,0,0,0,0,0,0,0,0,0,0,0,0,0,0,0,0,4.24,196.86,7.76,event9
2009/7/6 21:00,0,0,0,0.59,0.74,0,0,0,0,0,0,0,0,0,0,0,0,0,0,0,0,0,0,0,0,0,0,0,0,0,4.24,196.86,7.76,event9
2009/7/6 22:00,0,0,0.59,0.74,0,0,0,0,0,0,0,0,0,0,0,0,0,0,0,0,0,0,0,0,0,0,0,0,0,0,4.24,196.86,7.76,event9
2009/7/6 23:00,0,0.59,0.74,0,0,0,0,0,0,0,0,0,0,0,0,0,0,0,0,0,0,0,0,0,0,0,0,0,0,0,4.24,196.86,7.75,event9
2009/7/7 0:00,0.59,0.74,0,0,0,0,0,0,0,0,0,0,0,0,0,0,0,0,0,0,0,0,0,0,0,0,0,0,0,0,4.24,196.86,7.75,event9
2016/8/13 6:00,0,0,0,0,0,0,0,0,0,0,0,0,0,0,0,0,0,0,0,0,0,0,0,0,0,0,0,0,0,0,13.8,196.86,13.8,event18
2016/8/13 7:00,0,0,0,0,0,0,0,0,0,0,0,0,0,0,0,0,0,0,0,0,0,0,0,0,0,0,0,0,0,0,13.8,196.86,13.8,event18
2016/8/13 8:00,0,0,0,0,0,0,0,0,0,0,0,0,0,0,0,0,0,0,0,0,0,0,0,0,0,0,0,0,0,0.35,13.8,196.86,13.8,event18
2016/8/13 9:00,0,0,0,0,0,0,0,0,0,0,0,0,0,0,0,0,0,0,0,0,0,0,0,0,0,0,0,0,0.35,0.15,13.8,196.86,13.8,event18
2016/8/13 10:00,0,0,0,0,0,0,0,0,0,0,0,0,0,0,0,0,0,0,0,0,0,0,0,0,0,0,0,0.35,0.15,0.35,13.8,196.86,13.8,event18
2016/8/13 11:00,0,0,0,0,0,0,0,0,0,0,0,0,0,0,0,0,0,0,0,0,0,0,0,0,0,0,0.35,0.15,0.35,2.37,13.8,196.86,13.3,event18
2016/8/13 12:00,0,0,0,0,0,0,0,0,0,0,0,0,0,0,0,0,0,0,0,0,0,0,0,0,0,0.35,0.15,0.35,2.37,1.21,13.8,196.86,13.85,event18
2016/8/13 13:00,0,0,0,0,0,0,0,0,0,0,0,0,0,0,0,0,0,0,0,0,0,0,0,0,0.35,0.15,0.35,2.37,1.21,0,13.8,196.86,14.4,event18
2016/8/13 14:00,0,0,0,0,0,0,0,0,0,0,0,0,0,0,0,0,0,0,0,0,0,0,0,0.35,0.15,0.35,2.37,1.21,0,0,13.8,196.86,16.6,event18
2016/8/13 15:00,0,0,0,0,0,0,0,0,0,0,0,0,0,0,0,0,0,0,0,0,0,0,0.35,0.15,0.35,2.37,1.21,0,0,0,13.8,196.86,17.7,event18
2016/8/13 16:00,0,0,0,0,0,0,0,0,0,0,0,0,0,0,0,0,0,0,0,0,0,0.35,0.15,0.35,2.37,1.21,0,0,0,6.74,13.8,196.86,16.97,event18
2016/8/13 17:00,0,0,0,0,0,0,0,0,0,0,0,0,0,0,0,0,0,0,0,0,0.35,0.15,0.35,2.37,1.21,0,0,0,6.74,3.9,13.8,196.86,16.23,event18
2016/8/13 18:00,0,0,0,0,0,0,0,0,0,0,0,0,0,0,0,0,0,0,0,0.35,0.15,0.35,2.37,1.21,0,0,0,6.74,3.9,1.71,13.8,196.86,15.5,event18
2016/8/13 19:00,0,0,0,0,0,0,0,0,0,0,0,0,0,0,0,0,0,0,0.35,0.15,0.35,2.37,1.21,0,0,0,6.74,3.9,1.71,2.19,13.8,196.86,22.8,event18
2016/8/13 20:00,0,0,0,0,0,0,0,0,0,0,0,0,0,0,0,0,0,0.35,0.15,0.35,2.37,1.21,0,0,0,6.74,3.9,1.71,2.19,4.55,13.8,196.86,30.1,event18
2016/8/13 21:00,0,0,0,0,0,0,0,0,0,0,0,0,0,0,0,0,0.35,0.15,0.35,2.37,1.21,0,0,0,6.74,3.9,1.71,2.19,4.55,8.07,13.8,196.86,30.9,event18
2016/8/13 22:00,0,0,0,0,0,0,0,0,0,0,0,0,0,0,0,0.35,0.15,0.35,2.37,1.21,0,0,0,6.74,3.9,1.71,2.19,4.55,8.07,11.44,13.8,196.86,34.1,event18
2016/8/13 23:00,0,0,0,0,0,0,0,0,0,0,0,0,0,0,0.35,0.15,0.35,2.37,1.21,0,0,0,6.74,3.9,1.71,2.19,4.55,8.07,11.44,14.96,13.8,196.86,57.7,event18
2016/8/14 0:00,0,0,0,0,0,0,0,0,0,0,0,0,0,0.35,0.15,0.35,2.37,1.21,0,0,0,6.74,3.9,1.71,2.19,4.55,8.07,11.44,14.96,5.08,13.8,196.86,114,event18
2016/8/14 1:00,0,0,0,0,0,0,0,0,0,0,0,0,0.35,0.15,0.35,2.37,1.21,0,0,0,6.74,3.9,1.71,2.19,4.55,8.07,11.44,14.96,5.08,5.67,13.8,196.86,161,event18
2016/8/14 2:00,0,0,0,0,0,0,0,0,0,0,0,0.35,0.15,0.35,2.37,1.21,0,0,0,6.74,3.9,1.71,2.19,4.55,8.07,11.44,14.96,5.08,5.67,0.5,13.8,196.86,148,event18
2016/8/14 3:00,0,0,0,0,0,0,0,0,0,0,0.35,0.15,0.35,2.37,1.21,0,0,0,6.74,3.9,1.71,2.19,4.55,8.07,11.44,14.96,5.08,5.67,0.5,0.35,13.8,196.86,121,event18
2016/8/14 4:00,0,0,0,0,0,0,0,0,0,0.35,0.15,0.35,2.37,1.21,0,0,0,6.74,3.9,1.71,2.19,4.55,8.07,11.44,14.96,5.08,5.67,0.5,0.35,0,13.8,196.86,97.9,event18
2016/8/14 5:00,0,0,0,0,0,0,0,0,0.35,0.15,0.35,2.37,1.21,0,0,0,6.74,3.9,1.71,2.19,4.55,8.07,11.44,14.96,5.08,5.67,0.5,0.35,0,0.15,13.8,196.86,81.75,event18
2016/8/14 6:00,0,0,0,0,0,0,0,0.35,0.15,0.35,2.37,1.21,0,0,0,6.74,3.9,1.71,2.19,4.55,8.07,11.44,14.96,5.08,5.67,0.5,0.35,0,0.15,0,13.8,196.86,65.6,event18
2016/8/14 7:00,0,0,0,0,0,0,0.35,0.15,0.35,2.37,1.21,0,0,0,6.74,3.9,1.71,2.19,4.55,8.07,11.44,14.96,5.08,5.67,0.5,0.35,0,0.15,0,0,13.8,196.86,58.35,event18
2016/8/14 8:00,0,0,0,0,0,0.35,0.15,0.35,2.37,1.21,0,0,0,6.74,3.9,1.71,2.19,4.55,8.07,11.44,14.96,5.08,5.67,0.5,0.35,0,0.15,0,0,0,13.8,196.86,51.1,event18
2016/8/14 9:00,0,0,0,0,0.35,0.15,0.35,2.37,1.21,0,0,0,6.74,3.9,1.71,2.19,4.55,8.07,11.44,14.96,5.08,5.67,0.5,0.35,0,0.15,0,0,0,0,13.8,196.86,47.65,event18
2016/8/14 10:00,0,0,0,0.35,0.15,0.35,2.37,1.21,0,0,0,6.74,3.9,1.71,2.19,4.55,8.07,11.44,14.96,5.08,5.67,0.5,0.35,0,0.15,0,0,0,0,0,13.8,196.86,44.2,event18
2016/8/14 11:00,0,0,0.35,0.15,0.35,2.37,1.21,0,0,0,6.74,3.9,1.71,2.19,4.55,8.07,11.44,14.96,5.08,5.67,0.5,0.35,0,0.15,0,0,0,0,0,0,13.8,196.86,41.7,event18
2016/8/14 12:00,0,0.35,0.15,0.35,2.37,1.21,0,0,0,6.74,3.9,1.71,2.19,4.55,8.07,11.44,14.96,5.08,5.67,0.5,0.35,0,0.15,0,0,0,0,0,0,0,13.8,196.86,40.8,event18
2016/8/14 13:00,0.35,0.15,0.35,2.37,1.21,0,0,0,6.74,3.9,1.71,2.19,4.55,8.07,11.44,14.96,5.08,5.67,0.5,0.35,0,0.15,0,0,0,0,0,0,0,0,13.8,196.86,43.4,event18
2016/8/14 14:00,0.15,0.35,2.37,1.21,0,0,0,6.74,3.9,1.71,2.19,4.55,8.07,11.44,14.96,5.08,5.67,0.5,0.35,0,0.15,0,0,0,0,0,0,0,0,0,13.8,196.86,40.85,event18
2016/8/14 15:00,0.35,2.37,1.21,0,0,0,6.74,3.9,1.71,2.19,4.55,8.07,11.44,14.96,5.08,5.67,0.5,0.35,0,0.15,0,0,0,0,0,0,0,0,0,0.5,13.8,196.86,38.3,event18
2016/8/14 16:00,2.37,1.21,0,0,0,6.74,3.9,1.71,2.19,4.55,8.07,11.44,14.96,5.08,5.67,0.5,0.35,0,0.15,0,0,0,0,0,0,0,0,0,0.5,2.13,13.8,196.86,37.5,event18
2016/8/14 17:00,1.21,0,0,0,6.74,3.9,1.71,2.19,4.55,8.07,11.44,14.96,5.08,5.67,0.5,0.35,0,0.15,0,0,0,0,0,0,0,0,0,0.5,2.13,0.35,13.8,196.86,42.5,event18
2016/8/14 18:00,0,0,0,6.74,3.9,1.71,2.19,4.55,8.07,11.44,14.96,5.08,5.67,0.5,0.35,0,0.15,0,0,0,0,0,0,0,0,0,0.5,2.13,0.35,0,13.8,196.86,41.65,event18
2016/8/14 19:00,0,0,6.74,3.9,1.71,2.19,4.55,8.07,11.44,14.96,5.08,5.67,0.5,0.35,0,0.15,0,0,0,0,0,0,0,0,0,0.5,2.13,0.35,0,0,13.8,196.86,40.8,event18
2016/8/14 20:00,0,6.74,3.9,1.71,2.19,4.55,8.07,11.44,14.96,5.08,5.67,0.5,0.35,0,0.15,0,0,0,0,0,0,0,0,0,0.5,2.13,0.35,0,0,0,13.8,196.86,45.9,event18
2016/8/14 21:00,6.74,3.9,1.71,2.19,4.55,8.07,11.44,14.96,5.08,5.67,0.5,0.35,0,0.15,0,0,0,0,0,0,0,0,0,0.5,2.13,0.35,0,0,0,0,13.8,196.86,42.1,event18
2016/8/14 22:00,3.9,1.71,2.19,4.55,8.07,11.44,14.96,5.08,5.67,0.5,0.35,0,0.15,0,0,0,0,0,0,0,0,0,0.5,2.13,0.35,0,0,0,0,0,13.8,196.86,38.3,event18
2016/8/14 23:00,1.71,2.19,4.55,8.07,11.44,14.96,5.08,5.67,0.5,0.35,0,0.15,0,0,0,0,0,0,0,0,0,0.5,2.13,0.35,0,0,0,0,0,0,13.8,196.86,37.05,event18
2016/8/15 0:00,2.19,4.55,8.07,11.44,14.96,5.08,5.67,0.5,0.35,0,0.15,0,0,0,0,0,0,0,0,0,0.5,2.13,0.35,0,0,0,0,0,0,0,13.8,196.86,35.8,event18
2016/8/15 1:00,4.55,8.07,11.44,14.96,5.08,5.67,0.5,0.35,0,0.15,0,0,0,0,0,0,0,0,0,0.5,2.13,0.35,0,0,0,0,0,0,0,0,13.8,196.86,32.2,event18
2016/8/15 2:00,8.07,11.44,14.96,5.08,5.67,0.5,0.35,0,0.15,0,0,0,0,0,0,0,0,0,0.5,2.13,0.35,0,0,0,0,0,0,0,0,0,13.8,196.86,28.6,event18
2016/8/15 3:00,11.44,14.96,5.08,5.67,0.5,0.35,0,0.15,0,0,0,0,0,0,0,0,0,0.5,2.13,0.35,0,0,0,0,0,0,0,0,0,0,13.8,196.86,28.25,event18
2016/8/15 4:00,14.96,5.08,5.67,0.5,0.35,0,0.15,0,0,0,0,0,0,0,0,0,0.5,2.13,0.35,0,0,0,0,0,0,0,0,0,0,3.1,13.8,196.86,27.9,event18
2016/8/15 5:00,5.08,5.67,0.5,0.35,0,0.15,0,0,0,0,0,0,0,0,0,0.5,2.13,0.35,0,0,0,0,0,0,0,0,0,0,3.1,0,13.8,196.86,29.3,event18
2016/8/15 6:00,5.67,0.5,0.35,0,0.15,0,0,0,0,0,0,0,0,0,0.5,2.13,0.35,0,0,0,0,0,0,0,0,0,0,3.1,0,0.15,13.8,196.86,28.37,event18
2016/8/15 7:00,0.5,0.35,0,0.15,0,0,0,0,0,0,0,0,0,0.5,2.13,0.35,0,0,0,0,0,0,0,0,0,0,3.1,0,0.15,0,13.8,196.86,27.43,event18
2016/8/15 8:00,0.35,0,0.15,0,0,0,0,0,0,0,0,0,0.5,2.13,0.35,0,0,0,0,0,0,0,0,0,0,3.1,0,0.15,0,0,13.8,196.86,26.5,event18
2016/8/15 9:00,0,0.15,0,0,0,0,0,0,0,0,0,0.5,2.13,0.35,0,0,0,0,0,0,0,0,0,0,3.1,0,0.15,0,0,0,13.8,196.86,24.4,event18
2016/8/15 10:00,0.15,0,0,0,0,0,0,0,0,0,0.5,2.13,0.35,0,0,0,0,0,0,0,0,0,0,3.1,0,0.15,0,0,0,0,13.8,196.86,24.33,event18
2016/8/15 11:00,0,0,0,0,0,0,0,0,0,0.5,2.13,0.35,0,0,0,0,0,0,0,0,0,0,3.1,0,0.15,0,0,0,0,0,13.8,196.86,24.27,event18
2016/8/15 12:00,0,0,0,0,0,0,0,0,0.5,2.13,0.35,0,0,0,0,0,0,0,0,0,0,3.1,0,0.15,0,0,0,0,0,0,13.8,196.86,24.2,event18
2016/8/15 13:00,0,0,0,0,0,0,0,0.5,2.13,0.35,0,0,0,0,0,0,0,0,0,0,3.1,0,0.15,0,0,0,0,0,0,0,13.8,196.86,24.13,event18
2016/8/15 14:00,0,0,0,0,0,0,0.5,2.13,0.35,0,0,0,0,0,0,0,0,0,0,3.1,0,0.15,0,0,0,0,0,0,0,0,13.8,196.86,24.07,event18
2016/8/15 15:00,0,0,0,0,0,0.5,2.13,0.35,0,0,0,0,0,0,0,0,0,0,3.1,0,0.15,0,0,0,0,0,0,0,0,0.35,13.8,196.86,24,event18
2016/8/15 16:00,0,0,0,0,0.5,2.13,0.35,0,0,0,0,0,0,0,0,0,0,3.1,0,0.15,0,0,0,0,0,0,0,0,0.35,0,13.8,196.86,23.93,event18
2016/8/15 17:00,0,0,0,0.5,2.13,0.35,0,0,0,0,0,0,0,0,0,0,3.1,0,0.15,0,0,0,0,0,0,0,0,0.35,0,0,13.8,196.86,23.87,event18
2016/8/15 18:00,0,0,0.5,2.13,0.35,0,0,0,0,0,0,0,0,0,0,3.1,0,0.15,0,0,0,0,0,0,0,0,0.35,0,0,0,13.8,196.86,23.8,event18
2016/8/15 19:00,0,0.5,2.13,0.35,0,0,0,0,0,0,0,0,0,0,3.1,0,0.15,0,0,0,0,0,0,0,0,0.35,0,0,0,1.3,13.8,196.86,21.3,event18
2016/8/15 20:00,0.5,2.13,0.35,0,0,0,0,0,0,0,0,0,0,3.1,0,0.15,0,0,0,0,0,0,0,0,0.35,0,0,0,1.3,0,13.8,196.86,21.06,event18
2016/8/15 21:00,2.13,0.35,0,0,0,0,0,0,0,0,0,0,3.1,0,0.15,0,0,0,0,0,0,0,0,0.35,0,0,0,1.3,0,0,13.8,196.86,20.82,event18
2016/8/15 22:00,0.35,0,0,0,0,0,0,0,0,0,0,3.1,0,0.15,0,0,0,0,0,0,0,0,0.35,0,0,0,1.3,0,0,0,13.8,196.86,20.58,event18
2016/8/15 23:00,0,0,0,0,0,0,0,0,0,0,3.1,0,0.15,0,0,0,0,0,0,0,0,0.35,0,0,0,1.3,0,0,0,0,13.8,196.86,20.34,event18
2016/8/16 0:00,0,0,0,0,0,0,0,0,0,3.1,0,0.15,0,0,0,0,0,0,0,0,0.35,0,0,0,1.3,0,0,0,0,0,13.8,196.86,20.1,event18
2016/8/16 1:00,0,0,0,0,0,0,0,0,3.1,0,0.15,0,0,0,0,0,0,0,0,0.35,0,0,0,1.3,0,0,0,0,0,0,13.8,196.86,19.95,event18
2016/8/16 2:00,0,0,0,0,0,0,0,3.1,0,0.15,0,0,0,0,0,0,0,0,0.35,0,0,0,1.3,0,0,0,0,0,0,0,13.8,196.86,19.8,event18
2016/8/16 3:00,0,0,0,0,0,0,3.1,0,0.15,0,0,0,0,0,0,0,0,0.35,0,0,0,1.3,0,0,0,0,0,0,0,0,13.8,196.86,19.65,event18
2016/8/16 4:00,0,0,0,0,0,3.1,0,0.15,0,0,0,0,0,0,0,0,0.35,0,0,0,1.3,0,0,0,0,0,0,0,0,0,13.8,196.86,19.5,event18
2016/8/16 5:00,0,0,0,0,3.1,0,0.15,0,0,0,0,0,0,0,0,0.35,0,0,0,1.3,0,0,0,0,0,0,0,0,0,0,13.8,196.86,19.35,event18
2016/8/16 6:00,0,0,0,3.1,0,0.15,0,0,0,0,0,0,0,0,0.35,0,0,0,1.3,0,0,0,0,0,0,0,0,0,0,0,13.8,196.86,19.2,event18
2016/8/16 7:00,0,0,3.1,0,0.15,0,0,0,0,0,0,0,0,0.35,0,0,0,1.3,0,0,0,0,0,0,0,0,0,0,0,0.15,13.8,196.86,19.05,event18
2016/8/16 8:00,0,3.1,0,0.15,0,0,0,0,0,0,0,0,0.35,0,0,0,1.3,0,0,0,0,0,0,0,0,0,0,0,0.15,0,13.8,196.86,18.9,event18
2016/8/16 9:00,3.1,0,0.15,0,0,0,0,0,0,0,0,0.35,0,0,0,1.3,0,0,0,0,0,0,0,0,0,0,0,0.15,0,0,13.8,196.86,17.7,event18
2016/8/16 10:00,0,0.15,0,0,0,0,0,0,0,0,0.35,0,0,0,1.3,0,0,0,0,0,0,0,0,0,0,0,0.15,0,0,0,13.8,196.86,17.64,event18
2016/8/16 11:00,0.15,0,0,0,0,0,0,0,0,0.35,0,0,0,1.3,0,0,0,0,0,0,0,0,0,0,0,0.15,0,0,0,0,13.8,196.86,17.58,event18
2016/8/16 12:00,0,0,0,0,0,0,0,0,0.35,0,0,0,1.3,0,0,0,0,0,0,0,0,0,0,0,0.15,0,0,0,0,0,13.8,196.86,17.51,event18
2016/8/16 13:00,0,0,0,0,0,0,0,0.35,0,0,0,1.3,0,0,0,0,0,0,0,0,0,0,0,0.15,0,0,0,0,0,0,13.8,196.86,17.45,event18
2016/8/16 14:00,0,0,0,0,0,0,0.35,0,0,0,1.3,0,0,0,0,0,0,0,0,0,0,0,0.15,0,0,0,0,0,0,0.15,13.8,196.86,17.39,event18
2016/8/16 15:00,0,0,0,0,0,0.35,0,0,0,1.3,0,0,0,0,0,0,0,0,0,0,0,0.15,0,0,0,0,0,0,0.15,0,13.8,196.86,17.32,event18
2016/8/16 16:00,0,0,0,0,0.35,0,0,0,1.3,0,0,0,0,0,0,0,0,0,0,0,0.15,0,0,0,0,0,0,0.15,0,0,13.8,196.86,17.26,event18
2016/8/16 17:00,0,0,0,0.35,0,0,0,1.3,0,0,0,0,0,0,0,0,0,0,0,0.15,0,0,0,0,0,0,0.15,0,0,0,13.8,196.86,17.2,event18
2016/8/16 18:00,0,0,0.35,0,0,0,1.3,0,0,0,0,0,0,0,0,0,0,0,0.15,0,0,0,0,0,0,0.15,0,0,0,0,13.8,196.86,16.9,event18
2016/8/16 19:00,0,0.35,0,0,0,1.3,0,0,0,0,0,0,0,0,0,0,0,0.15,0,0,0,0,0,0,0.15,0,0,0,0,0,13.8,196.86,16.6,event18
2016/8/16 20:00,0.35,0,0,0,1.3,0,0,0,0,0,0,0,0,0,0,0,0.15,0,0,0,0,0,0,0.15,0,0,0,0,0,0,13.8,196.86,16.3,event18
2016/8/16 21:00,0,0,0,1.3,0,0,0,0,0,0,0,0,0,0,0,0.15,0,0,0,0,0,0,0.15,0,0,0,0,0,0,0,13.8,196.86,16,event18
2016/8/16 22:00,0,0,1.3,0,0,0,0,0,0,0,0,0,0,0,0.15,0,0,0,0,0,0,0.15,0,0,0,0,0,0,0,0,13.8,196.86,16,event18
2016/8/16 23:00,0,1.3,0,0,0,0,0,0,0,0,0,0,0,0.15,0,0,0,0,0,0,0.15,0,0,0,0,0,0,0,0,0,13.8,196.86,16,event18
2016/8/17 0:00,1.3,0,0,0,0,0,0,0,0,0,0,0,0.15,0,0,0,0,0,0,0.15,0,0,0,0,0,0,0,0,0,0,13.8,196.86,16,event18
2016/8/17 1:00,0,0,0,0,0,0,0,0,0,0,0,0.15,0,0,0,0,0,0,0.15,0,0,0,0,0,0,0,0,0,0,0,13.8,196.86,16,event18
2016/8/17 2:00,0,0,0,0,0,0,0,0,0,0,0.15,0,0,0,0,0,0,0.15,0,0,0,0,0,0,0,0,0,0,0,0,13.8,196.86,16,event18
2016/8/17 3:00,0,0,0,0,0,0,0,0,0,0.15,0,0,0,0,0,0,0.15,0,0,0,0,0,0,0,0,0,0,0,0,0,13.8,196.86,16,event18
2016/8/17 4:00,0,0,0,0,0,0,0,0,0.15,0,0,0,0,0,0,0.15,0,0,0,0,0,0,0,0,0,0,0,0,0,0,13.8,196.86,16,event18
2016/8/17 5:00,0,0,0,0,0,0,0,0.15,0,0,0,0,0,0,0.15,0,0,0,0,0,0,0,0,0,0,0,0,0,0,0,13.8,196.86,16,event18
2016/8/17 6:00,0,0,0,0,0,0,0.15,0,0,0,0,0,0,0.15,0,0,0,0,0,0,0,0,0,0,0,0,0,0,0,0,13.8,196.86,16,event18
2016/8/17 7:00,0,0,0,0,0,0.15,0,0,0,0,0,0,0.15,0,0,0,0,0,0,0,0,0,0,0,0,0,0,0,0,0,13.8,196.86,16,event18
2016/8/17 8:00,0,0,0,0,0.15,0,0,0,0,0,0,0.15,0,0,0,0,0,0,0,0,0,0,0,0,0,0,0,0,0,0,13.8,196.86,16,event18
2016/8/17 9:00,0,0,0,0.15,0,0,0,0,0,0,0.15,0,0,0,0,0,0,0,0,0,0,0,0,0,0,0,0,0,0,0,13.8,196.86,15.5,event18
2016/8/17 10:00,0,0,0.15,0,0,0,0,0,0,0.15,0,0,0,0,0,0,0,0,0,0,0,0,0,0,0,0,0,0,0,0,13.8,196.86,15.42,event18
2016/8/17 11:00,0,0.15,0,0,0,0,0,0,0.15,0,0,0,0,0,0,0,0,0,0,0,0,0,0,0,0,0,0,0,0,0,13.8,196.86,15.33,event18
2017/6/14 10:00,0,0,0,0,0,0,0,0,0,0,0,0,0,0,0,0,0,0,0,0,0,0,0,0,0,0,0,0,0,0,18.9,196.86,18.9,event19
2017/6/14 11:00,0,0,0,0,0,0,0,0,0,0,0,0,0,0,0,0,0,0,0,0,0,0,0,0,0,0,0,0,0,0,18.9,196.86,18.9,event19
2017/6/14 12:00,0,0,0,0,0,0,0,0,0,0,0,0,0,0,0,0,0,0,0,0,0,0,0,0,0,0,0,0,0,1.48,18.9,196.86,18.9,event19
2017/6/14 13:00,0,0,0,0,0,0,0,0,0,0,0,0,0,0,0,0,0,0,0,0,0,0,0,0,0,0,0,0,1.48,0,18.9,196.86,19.5,event19
2017/6/14 14:00,0,0,0,0,0,0,0,0,0,0,0,0,0,0,0,0,0,0,0,0,0,0,0,0,0,0,0,1.48,0,0.74,18.9,196.86,18.3,event19
2017/6/14 15:00,0,0,0,0,0,0,0,0,0,0,0,0,0,0,0,0,0,0,0,0,0,0,0,0,0,0,1.48,0,0.74,2.6,18.9,196.86,18.3,event19
2017/6/14 16:00,0,0,0,0,0,0,0,0,0,0,0,0,0,0,0,0,0,0,0,0,0,0,0,0,0,1.48,0,0.74,2.6,4.08,18.9,196.86,18.9,event19
2017/6/14 17:00,0,0,0,0,0,0,0,0,0,0,0,0,0,0,0,0,0,0,0,0,0,0,0,0,1.48,0,0.74,2.6,4.08,7.04,18.9,196.86,19.5,event19
2017/6/14 18:00,0,0,0,0,0,0,0,0,0,0,0,0,0,0,0,0,0,0,0,0,0,0,0,1.48,0,0.74,2.6,4.08,7.04,2.01,18.9,196.86,30.1,event19
2017/6/14 19:00,0,0,0,0,0,0,0,0,0,0,0,0,0,0,0,0,0,0,0,0,0,0,1.48,0,0.74,2.6,4.08,7.04,2.01,0.3,18.9,196.86,33.8,event19
2017/6/14 20:00,0,0,0,0,0,0,0,0,0,0,0,0,0,0,0,0,0,0,0,0,0,1.48,0,0.74,2.6,4.08,7.04,2.01,0.3,0,18.9,196.86,36.8,event19
2017/6/14 21:00,0,0,0,0,0,0,0,0,0,0,0,0,0,0,0,0,0,0,0,0,1.48,0,0.74,2.6,4.08,7.04,2.01,0.3,0,0.86,18.9,196.86,36.1,event19
2017/6/14 22:00,0,0,0,0,0,0,0,0,0,0,0,0,0,0,0,0,0,0,0,1.48,0,0.74,2.6,4.08,7.04,2.01,0.3,0,0.86,0,18.9,196.86,31.6,event19
2017/6/14 23:00,0,0,0,0,0,0,0,0,0,0,0,0,0,0,0,0,0,0,1.48,0,0.74,2.6,4.08,7.04,2.01,0.3,0,0.86,0,0.86,18.9,196.86,27.2,event19
2017/6/15 0:00,0,0,0,0,0,0,0,0,0,0,0,0,0,0,0,0,0,1.48,0,0.74,2.6,4.08,7.04,2.01,0.3,0,0.86,0,0.86,1.86,18.9,196.86,25.1,event19
2017/6/15 1:00,0,0,0,0,0,0,0,0,0,0,0,0,0,0,0,0,1.48,0,0.74,2.6,4.08,7.04,2.01,0.3,0,0.86,0,0.86,1.86,10.56,18.9,196.86,27.25,event19
2017/6/15 2:00,0,0,0,0,0,0,0,0,0,0,0,0,0,0,0,1.48,0,0.74,2.6,4.08,7.04,2.01,0.3,0,0.86,0,0.86,1.86,10.56,2.51,18.9,196.86,29.4,event19
2017/6/15 3:00,0,0,0,0,0,0,0,0,0,0,0,0,0,0,1.48,0,0.74,2.6,4.08,7.04,2.01,0.3,0,0.86,0,0.86,1.86,10.56,2.51,0,18.9,196.86,43.9,event19
2017/6/15 4:00,0,0,0,0,0,0,0,0,0,0,0,0,0,1.48,0,0.74,2.6,4.08,7.04,2.01,0.3,0,0.86,0,0.86,1.86,10.56,2.51,0,1.66,18.9,196.86,50.6,event19
2017/6/15 5:00,0,0,0,0,0,0,0,0,0,0,0,0,1.48,0,0.74,2.6,4.08,7.04,2.01,0.3,0,0.86,0,0.86,1.86,10.56,2.51,0,1.66,5.06,18.9,196.86,48.1,event19
2017/6/15 6:00,0,0,0,0,0,0,0,0,0,0,0,1.48,0,0.74,2.6,4.08,7.04,2.01,0.3,0,0.86,0,0.86,1.86,10.56,2.51,0,1.66,5.06,5.32,18.9,196.86,43.9,event19
2017/6/15 7:00,0,0,0,0,0,0,0,0,0,0,1.48,0,0.74,2.6,4.08,7.04,2.01,0.3,0,0.86,0,0.86,1.86,10.56,2.51,0,1.66,5.06,5.32,3.13,18.9,196.86,43.9,event19
2017/6/15 8:00,0,0,0,0,0,0,0,0,0,1.48,0,0.74,2.6,4.08,7.04,2.01,0.3,0,0.86,0,0.86,1.86,10.56,2.51,0,1.66,5.06,5.32,3.13,7.33,18.9,196.86,58.4,event19
2017/6/15 9:00,0,0,0,0,0,0,0,0,1.48,0,0.74,2.6,4.08,7.04,2.01,0.3,0,0.86,0,0.86,1.86,10.56,2.51,0,1.66,5.06,5.32,3.13,7.33,9.37,18.9,196.86,60.2,event19
2017/6/15 10:00,0,0,0,0,0,0,0,1.48,0,0.74,2.6,4.08,7.04,2.01,0.3,0,0.86,0,0.86,1.86,10.56,2.51,0,1.66,5.06,5.32,3.13,7.33,9.37,15.19,18.9,196.86,97.4,event19
2017/6/15 11:00,0,0,0,0,0,0,1.48,0,0.74,2.6,4.08,7.04,2.01,0.3,0,0.86,0,0.86,1.86,10.56,2.51,0,1.66,5.06,5.32,3.13,7.33,9.37,15.19,12.68,18.9,196.86,202,event19
2017/6/15 12:00,0,0,0,0,0,1.48,0,0.74,2.6,4.08,7.04,2.01,0.3,0,0.86,0,0.86,1.86,10.56,2.51,0,1.66,5.06,5.32,3.13,7.33,9.37,15.19,12.68,4.64,18.9,196.86,275,event19
2017/6/15 13:00,0,0,0,0,1.48,0,0.74,2.6,4.08,7.04,2.01,0.3,0,0.86,0,0.86,1.86,10.56,2.51,0,1.66,5.06,5.32,3.13,7.33,9.37,15.19,12.68,4.64,2.13,18.9,196.86,249,event19
2017/6/15 14:00,0,0,0,1.48,0,0.74,2.6,4.08,7.04,2.01,0.3,0,0.86,0,0.86,1.86,10.56,2.51,0,1.66,5.06,5.32,3.13,7.33,9.37,15.19,12.68,4.64,2.13,0,18.9,196.86,210,event19
2017/6/15 15:00,0,0,1.48,0,0.74,2.6,4.08,7.04,2.01,0.3,0,0.86,0,0.86,1.86,10.56,2.51,0,1.66,5.06,5.32,3.13,7.33,9.37,15.19,12.68,4.64,2.13,0,0,18.9,196.86,158,event19
2017/6/15 16:00,0,1.48,0,0.74,2.6,4.08,7.04,2.01,0.3,0,0.86,0,0.86,1.86,10.56,2.51,0,1.66,5.06,5.32,3.13,7.33,9.37,15.19,12.68,4.64,2.13,0,0,17.42,18.9,196.86,119,event19
2017/6/15 17:00,1.48,0,0.74,2.6,4.08,7.04,2.01,0.3,0,0.86,0,0.86,1.86,10.56,2.51,0,1.66,5.06,5.32,3.13,7.33,9.37,15.19,12.68,4.64,2.13,0,0,17.42,21.31,18.9,196.86,97.4,event19
2017/6/15 18:00,0,0.74,2.6,4.08,7.04,2.01,0.3,0,0.86,0,0.86,1.86,10.56,2.51,0,1.66,5.06,5.32,3.13,7.33,9.37,15.19,12.68,4.64,2.13,0,0,17.42,21.31,26.82,18.9,196.86,154,event19
2017/6/15 19:00,0.74,2.6,4.08,7.04,2.01,0.3,0,0.86,0,0.86,1.86,10.56,2.51,0,1.66,5.06,5.32,3.13,7.33,9.37,15.19,12.68,4.64,2.13,0,0,17.42,21.31,26.82,0.71,18.9,196.86,275,event19
2017/6/15 20:00,2.6,4.08,7.04,2.01,0.3,0,0.86,0,0.86,1.86,10.56,2.51,0,1.66,5.06,5.32,3.13,7.33,9.37,15.19,12.68,4.64,2.13,0,0,17.42,21.31,26.82,0.71,0,18.9,196.86,413,event19
2017/6/15 21:00,4.08,7.04,2.01,0.3,0,0.86,0,0.86,1.86,10.56,2.51,0,1.66,5.06,5.32,3.13,7.33,9.37,15.19,12.68,4.64,2.13,0,0,17.42,21.31,26.82,0.71,0,0.15,18.9,196.86,322,event19
2017/6/15 22:00,7.04,2.01,0.3,0,0.86,0,0.86,1.86,10.56,2.51,0,1.66,5.06,5.32,3.13,7.33,9.37,15.19,12.68,4.64,2.13,0,0,17.42,21.31,26.82,0.71,0,0.15,0,18.9,196.86,192,event19
2017/6/15 23:00,2.01,0.3,0,0.86,0,0.86,1.86,10.56,2.51,0,1.66,5.06,5.32,3.13,7.33,9.37,15.19,12.68,4.64,2.13,0,0,17.42,21.31,26.82,0.71,0,0.15,0,1.77,18.9,196.86,134,event19
2017/6/16 0:00,0.3,0,0.86,0,0.86,1.86,10.56,2.51,0,1.66,5.06,5.32,3.13,7.33,9.37,15.19,12.68,4.64,2.13,0,0,17.42,21.31,26.82,0.71,0,0.15,0,1.77,3.43,18.9,196.86,105,event19
2017/6/16 1:00,0,0.86,0,0.86,1.86,10.56,2.51,0,1.66,5.06,5.32,3.13,7.33,9.37,15.19,12.68,4.64,2.13,0,0,17.42,21.31,26.82,0.71,0,0.15,0,1.77,3.43,0.95,18.9,196.86,90.1,event19
2017/6/16 2:00,0.86,0,0.86,1.86,10.56,2.51,0,1.66,5.06,5.32,3.13,7.33,9.37,15.19,12.68,4.64,2.13,0,0,17.42,21.31,26.82,0.71,0,0.15,0,1.77,3.43,0.95,12.3,18.9,196.86,84.6,event19
2017/6/16 3:00,0,0.86,1.86,10.56,2.51,0,1.66,5.06,5.32,3.13,7.33,9.37,15.19,12.68,4.64,2.13,0,0,17.42,21.31,26.82,0.71,0,0.15,0,1.77,3.43,0.95,12.3,2.66,18.9,196.86,97.4,event19
2017/6/16 4:00,0.86,1.86,10.56,2.51,0,1.66,5.06,5.32,3.13,7.33,9.37,15.19,12.68,4.64,2.13,0,0,17.42,21.31,26.82,0.71,0,0.15,0,1.77,3.43,0.95,12.3,2.66,0,18.9,196.86,138,event19
2017/6/16 5:00,1.86,10.56,2.51,0,1.66,5.06,5.32,3.13,7.33,9.37,15.19,12.68,4.64,2.13,0,0,17.42,21.31,26.82,0.71,0,0.15,0,1.77,3.43,0.95,12.3,2.66,0,7.51,18.9,196.86,136,event19
2017/6/16 6:00,10.56,2.51,0,1.66,5.06,5.32,3.13,7.33,9.37,15.19,12.68,4.64,2.13,0,0,17.42,21.31,26.82,0.71,0,0.15,0,1.77,3.43,0.95,12.3,2.66,0,7.51,1.3,18.9,196.86,114,event19
2017/6/16 7:00,2.51,0,1.66,5.06,5.32,3.13,7.33,9.37,15.19,12.68,4.64,2.13,0,0,17.42,21.31,26.82,0.71,0,0.15,0,1.77,3.43,0.95,12.3,2.66,0,7.51,1.3,2.93,18.9,196.86,108,event19
2017/6/16 8:00,0,1.66,5.06,5.32,3.13,7.33,9.37,15.19,12.68,4.64,2.13,0,0,17.42,21.31,26.82,0.71,0,0.15,0,1.77,3.43,0.95,12.3,2.66,0,7.51,1.3,2.93,5.08,18.9,196.86,107,event19
2017/6/16 9:00,1.66,5.06,5.32,3.13,7.33,9.37,15.19,12.68,4.64,2.13,0,0,17.42,21.31,26.82,0.71,0,0.15,0,1.77,3.43,0.95,12.3,2.66,0,7.51,1.3,2.93,5.08,0,18.9,196.86,112,event19
2017/6/16 10:00,5.06,5.32,3.13,7.33,9.37,15.19,12.68,4.64,2.13,0,0,17.42,21.31,26.82,0.71,0,0.15,0,1.77,3.43,0.95,12.3,2.66,0,7.51,1.3,2.93,5.08,0,0,18.9,196.86,108,event19
2017/6/16 11:00,5.32,3.13,7.33,9.37,15.19,12.68,4.64,2.13,0,0,17.42,21.31,26.82,0.71,0,0.15,0,1.77,3.43,0.95,12.3,2.66,0,7.51,1.3,2.93,5.08,0,0,0.15,18.9,196.86,101,event19
2017/6/16 12:00,3.13,7.33,9.37,15.19,12.68,4.64,2.13,0,0,17.42,21.31,26.82,0.71,0,0.15,0,1.77,3.43,0.95,12.3,2.66,0,7.51,1.3,2.93,5.08,0,0,0.15,0.65,18.9,196.86,90.1,event19
2017/6/16 13:00,7.33,9.37,15.19,12.68,4.64,2.13,0,0,17.42,21.31,26.82,0.71,0,0.15,0,1.77,3.43,0.95,12.3,2.66,0,7.51,1.3,2.93,5.08,0,0,0.15,0.65,0.71,18.9,196.86,84.6,event19
2017/6/16 14:00,9.37,15.19,12.68,4.64,2.13,0,0,17.42,21.31,26.82,0.71,0,0.15,0,1.77,3.43,0.95,12.3,2.66,0,7.51,1.3,2.93,5.08,0,0,0.15,0.65,0.71,5.26,18.9,196.86,78.3,event19
2017/6/16 15:00,15.19,12.68,4.64,2.13,0,0,17.42,21.31,26.82,0.71,0,0.15,0,1.77,3.43,0.95,12.3,2.66,0,7.51,1.3,2.93,5.08,0,0,0.15,0.65,0.71,5.26,19.43,18.9,196.86,74.1,event19
2017/6/16 16:00,12.68,4.64,2.13,0,0,17.42,21.31,26.82,0.71,0,0.15,0,1.77,3.43,0.95,12.3,2.66,0,7.51,1.3,2.93,5.08,0,0,0.15,0.65,0.71,5.26,19.43,17.71,18.9,196.86,86.8,event19
2017/6/16 17:00,4.64,2.13,0,0,17.42,21.31,26.82,0.71,0,0.15,0,1.77,3.43,0.95,12.3,2.66,0,7.51,1.3,2.93,5.08,0,0,0.15,0.65,0.71,5.26,19.43,17.71,0.95,18.9,196.86,177,event19
2017/6/16 18:00,2.13,0,0,17.42,21.31,26.82,0.71,0,0.15,0,1.77,3.43,0.95,12.3,2.66,0,7.51,1.3,2.93,5.08,0,0,0.15,0.65,0.71,5.26,19.43,17.71,0.95,0.15,18.9,196.86,233,event19
2017/6/16 19:00,0,0,17.42,21.31,26.82,0.71,0,0.15,0,1.77,3.43,0.95,12.3,2.66,0,7.51,1.3,2.93,5.08,0,0,0.15,0.65,0.71,5.26,19.43,17.71,0.95,0.15,0,18.9,196.86,165,event19
2017/6/16 20:00,0,17.42,21.31,26.82,0.71,0,0.15,0,1.77,3.43,0.95,12.3,2.66,0,7.51,1.3,2.93,5.08,0,0,0.15,0.65,0.71,5.26,19.43,17.71,0.95,0.15,0,0,18.9,196.86,119,event19
2017/6/16 21:00,17.42,21.31,26.82,0.71,0,0.15,0,1.77,3.43,0.95,12.3,2.66,0,7.51,1.3,2.93,5.08,0,0,0.15,0.65,0.71,5.26,19.43,17.71,0.95,0.15,0,0,0.35,18.9,196.86,90.1,event19
2017/6/16 22:00,21.31,26.82,0.71,0,0.15,0,1.77,3.43,0.95,12.3,2.66,0,7.51,1.3,2.93,5.08,0,0,0.15,0.65,0.71,5.26,19.43,17.71,0.95,0.15,0,0,0.35,0,18.9,196.86,75.2,event19
2017/6/16 23:00,26.82,0.71,0,0.15,0,1.77,3.43,0.95,12.3,2.66,0,7.51,1.3,2.93,5.08,0,0,0.15,0.65,0.71,5.26,19.43,17.71,0.95,0.15,0,0,0.35,0,0.65,18.9,196.86,68,event19
2017/6/17 0:00,0.71,0,0.15,0,1.77,3.43,0.95,12.3,2.66,0,7.51,1.3,2.93,5.08,0,0,0.15,0.65,0.71,5.26,19.43,17.71,0.95,0.15,0,0,0.35,0,0.65,0,18.9,196.86,63.1,event19
2017/6/17 1:00,0,0.15,0,1.77,3.43,0.95,12.3,2.66,0,7.51,1.3,2.93,5.08,0,0,0.15,0.65,0.71,5.26,19.43,17.71,0.95,0.15,0,0,0.35,0,0.65,0,0,18.9,196.86,58.4,event19
2017/6/17 2:00,0.15,0,1.77,3.43,0.95,12.3,2.66,0,7.51,1.3,2.93,5.08,0,0,0.15,0.65,0.71,5.26,19.43,17.71,0.95,0.15,0,0,0.35,0,0.65,0,0,0,18.9,196.86,56.6,event19
2017/6/17 3:00,0,1.77,3.43,0.95,12.3,2.66,0,7.51,1.3,2.93,5.08,0,0,0.15,0.65,0.71,5.26,19.43,17.71,0.95,0.15,0,0,0.35,0,0.65,0,0,0,0,18.9,196.86,54,event19
2017/6/17 4:00,1.77,3.43,0.95,12.3,2.66,0,7.51,1.3,2.93,5.08,0,0,0.15,0.65,0.71,5.26,19.43,17.71,0.95,0.15,0,0,0.35,0,0.65,0,0,0,0,0,18.9,196.86,52.3,event19
2017/6/17 5:00,3.43,0.95,12.3,2.66,0,7.51,1.3,2.93,5.08,0,0,0.15,0.65,0.71,5.26,19.43,17.71,0.95,0.15,0,0,0.35,0,0.65,0,0,0,0,0,0,18.9,196.86,50.6,event19
2017/6/17 6:00,0.95,12.3,2.66,0,7.51,1.3,2.93,5.08,0,0,0.15,0.65,0.71,5.26,19.43,17.71,0.95,0.15,0,0,0.35,0,0.65,0,0,0,0,0,0,0,18.9,196.86,49,event19
2017/6/17 7:00,12.3,2.66,0,7.51,1.3,2.93,5.08,0,0,0.15,0.65,0.71,5.26,19.43,17.71,0.95,0.15,0,0,0.35,0,0.65,0,0,0,0,0,0,0,0,18.9,196.86,47.3,event19
2017/6/17 8:00,2.66,0,7.51,1.3,2.93,5.08,0,0,0.15,0.65,0.71,5.26,19.43,17.71,0.95,0.15,0,0,0.35,0,0.65,0,0,0,0,0,0,0,0,0,18.9,196.86,45.6,event19
2017/6/17 9:00,0,7.51,1.3,2.93,5.08,0,0,0.15,0.65,0.71,5.26,19.43,17.71,0.95,0.15,0,0,0.35,0,0.65,0,0,0,0,0,0,0,0,0,0,18.9,196.86,43.9,event19
2017/6/17 10:00,7.51,1.3,2.93,5.08,0,0,0.15,0.65,0.71,5.26,19.43,17.71,0.95,0.15,0,0,0.35,0,0.65,0,0,0,0,0,0,0,0,0,0,0,18.9,196.86,43.1,event19
2017/6/17 11:00,1.3,2.93,5.08,0,0,0.15,0.65,0.71,5.26,19.43,17.71,0.95,0.15,0,0,0.35,0,0.65,0,0,0,0,0,0,0,0,0,0,0,0,18.9,196.86,42.3,event19
2019/5/31 16:00,0,0,0,0,0,0,0,0,0,0,0,0,0,0,0,0,0,0,0,0,0,0,0,0,0,0,0,0,0,0,12.67,196.86,12.67,event21
2019/5/31 17:00,0,0,0,0,0,0,0,0,0,0,0,0,0,0,0,0,0,0,0,0,0,0,0,0,0,0,0,0,0,0,12.67,196.86,12.6,event21
2019/5/31 18:00,0,0,0,0,0,0,0,0,0,0,0,0,0,0,0,0,0,0,0,0,0,0,0,0,0,0,0,0,0,2.13,12.67,196.86,12.8,event21
2019/5/31 19:00,0,0,0,0,0,0,0,0,0,0,0,0,0,0,0,0,0,0,0,0,0,0,0,0,0,0,0,0,2.13,0,12.67,196.86,13,event21
2019/5/31 20:00,0,0,0,0,0,0,0,0,0,0,0,0,0,0,0,0,0,0,0,0,0,0,0,0,0,0,0,2.13,0,0,12.67,196.86,13.2,event21
2019/5/31 21:00,0,0,0,0,0,0,0,0,0,0,0,0,0,0,0,0,0,0,0,0,0,0,0,0,0,0,2.13,0,0,0.86,12.67,196.86,13.4,event21
2019/5/31 22:00,0,0,0,0,0,0,0,0,0,0,0,0,0,0,0,0,0,0,0,0,0,0,0,0,0,2.13,0,0,0.86,0.71,12.67,196.86,13.6,event21
2019/5/31 23:00,0,0,0,0,0,0,0,0,0,0,0,0,0,0,0,0,0,0,0,0,0,0,0,0,2.13,0,0,0.86,0.71,0.15,12.67,196.86,13.8,event21
2019/6/1 0:00,0,0,0,0,0,0,0,0,0,0,0,0,0,0,0,0,0,0,0,0,0,0,0,2.13,0,0,0.86,0.71,0.15,0.35,12.67,196.86,13.2,event21
2019/6/1 1:00,0,0,0,0,0,0,0,0,0,0,0,0,0,0,0,0,0,0,0,0,0,0,2.13,0,0,0.86,0.71,0.15,0.35,0.35,12.67,196.86,14,event21
2019/6/1 2:00,0,0,0,0,0,0,0,0,0,0,0,0,0,0,0,0,0,0,0,0,0,2.13,0,0,0.86,0.71,0.15,0.35,0.35,0.35,12.67,196.86,14.8,event21
2019/6/1 3:00,0,0,0,0,0,0,0,0,0,0,0,0,0,0,0,0,0,0,0,0,2.13,0,0,0.86,0.71,0.15,0.35,0.35,0.35,0.5,12.67,196.86,15.6,event21
2019/6/1 4:00,0,0,0,0,0,0,0,0,0,0,0,0,0,0,0,0,0,0,0,2.13,0,0,0.86,0.71,0.15,0.35,0.35,0.35,0.5,0,12.67,196.86,16.4,event21
2019/6/1 5:00,0,0,0,0,0,0,0,0,0,0,0,0,0,0,0,0,0,0,2.13,0,0,0.86,0.71,0.15,0.35,0.35,0.35,0.5,0,1.57,12.67,196.86,17.2,event21
2019/6/1 6:00,0,0,0,0,0,0,0,0,0,0,0,0,0,0,0,0,0,2.13,0,0,0.86,0.71,0.15,0.35,0.35,0.35,0.5,0,1.57,3.87,12.67,196.86,18,event21
2019/6/1 7:00,0,0,0,0,0,0,0,0,0,0,0,0,0,0,0,0,2.13,0,0,0.86,0.71,0.15,0.35,0.35,0.35,0.5,0,1.57,3.87,5.53,12.67,196.86,18.8,event21
2019/6/1 8:00,0,0,0,0,0,0,0,0,0,0,0,0,0,0,0,2.13,0,0,0.86,0.71,0.15,0.35,0.35,0.35,0.5,0,1.57,3.87,5.53,0.65,12.67,196.86,19.6,event21
2019/6/1 9:00,0,0,0,0,0,0,0,0,0,0,0,0,0,0,2.13,0,0,0.86,0.71,0.15,0.35,0.35,0.35,0.5,0,1.57,3.87,5.53,0.65,0,12.67,196.86,20.39,event21
2019/6/1 10:00,0,0,0,0,0,0,0,0,0,0,0,0,0,2.13,0,0,0.86,0.71,0.15,0.35,0.35,0.35,0.5,0,1.57,3.87,5.53,0.65,0,0.35,12.67,196.86,21.18,event21
2019/6/1 11:00,0,0,0,0,0,0,0,0,0,0,0,0,2.13,0,0,0.86,0.71,0.15,0.35,0.35,0.35,0.5,0,1.57,3.87,5.53,0.65,0,0.35,2.42,12.67,196.86,21.97,event21
2019/6/1 12:00,0,0,0,0,0,0,0,0,0,0,0,2.13,0,0,0.86,0.71,0.15,0.35,0.35,0.35,0.5,0,1.57,3.87,5.53,0.65,0,0.35,2.42,0,12.67,196.86,22.76,event21
2019/6/1 13:00,0,0,0,0,0,0,0,0,0,0,2.13,0,0,0.86,0.71,0.15,0.35,0.35,0.35,0.5,0,1.57,3.87,5.53,0.65,0,0.35,2.42,0,0,12.67,196.86,23.54,event21
2019/6/1 14:00,0,0,0,0,0,0,0,0,0,2.13,0,0,0.86,0.71,0.15,0.35,0.35,0.35,0.5,0,1.57,3.87,5.53,0.65,0,0.35,2.42,0,0,0,12.67,196.86,24.33,event21
2019/6/1 15:00,0,0,0,0,0,0,0,0,2.13,0,0,0.86,0.71,0.15,0.35,0.35,0.35,0.5,0,1.57,3.87,5.53,0.65,0,0.35,2.42,0,0,0,1.33,12.67,196.86,25.12,event21
2019/6/1 16:00,0,0,0,0,0,0,0,2.13,0,0,0.86,0.71,0.15,0.35,0.35,0.35,0.5,0,1.57,3.87,5.53,0.65,0,0.35,2.42,0,0,0,1.33,8.07,12.67,196.86,25.91,event21
2019/6/1 17:00,0,0,0,0,0,0,2.13,0,0,0.86,0.71,0.15,0.35,0.35,0.35,0.5,0,1.57,3.87,5.53,0.65,0,0.35,2.42,0,0,0,1.33,8.07,1.66,12.67,196.86,26.7,event21
2019/6/1 18:00,0,0,0,0,0,2.13,0,0,0.86,0.71,0.15,0.35,0.35,0.35,0.5,0,1.57,3.87,5.53,0.65,0,0.35,2.42,0,0,0,1.33,8.07,1.66,1.01,12.67,196.86,30.7,event21
2019/6/1 19:00,0,0,0,0,2.13,0,0,0.86,0.71,0.15,0.35,0.35,0.35,0.5,0,1.57,3.87,5.53,0.65,0,0.35,2.42,0,0,0,1.33,8.07,1.66,1.01,1.92,12.67,196.86,35.33,event21
2019/6/1 20:00,0,0,0,2.13,0,0,0.86,0.71,0.15,0.35,0.35,0.35,0.5,0,1.57,3.87,5.53,0.65,0,0.35,2.42,0,0,0,1.33,8.07,1.66,1.01,1.92,7.74,12.67,196.86,39.97,event21
2019/6/1 21:00,0,0,2.13,0,0,0.86,0.71,0.15,0.35,0.35,0.35,0.5,0,1.57,3.87,5.53,0.65,0,0.35,2.42,0,0,0,1.33,8.07,1.66,1.01,1.92,7.74,7.54,12.67,196.86,44.6,event21
2019/6/1 22:00,0,2.13,0,0,0.86,0.71,0.15,0.35,0.35,0.35,0.5,0,1.57,3.87,5.53,0.65,0,0.35,2.42,0,0,0,1.33,8.07,1.66,1.01,1.92,7.74,7.54,0.44,12.67,196.86,56.9,event21
2019/6/1 23:00,2.13,0,0,0.86,0.71,0.15,0.35,0.35,0.35,0.5,0,1.57,3.87,5.53,0.65,0,0.35,2.42,0,0,0,1.33,8.07,1.66,1.01,1.92,7.74,7.54,0.44,0,12.67,196.86,60.4,event21
2019/6/2 0:00,0,0,0.86,0.71,0.15,0.35,0.35,0.35,0.5,0,1.57,3.87,5.53,0.65,0,0.35,2.42,0,0,0,1.33,8.07,1.66,1.01,1.92,7.74,7.54,0.44,0,0,12.67,196.86,56.1,event21
2019/6/2 1:00,0,0.86,0.71,0.15,0.35,0.35,0.35,0.5,0,1.57,3.87,5.53,0.65,0,0.35,2.42,0,0,0,1.33,8.07,1.66,1.01,1.92,7.74,7.54,0.44,0,0,0.35,12.67,196.86,53.3,event21
2019/6/2 2:00,0.86,0.71,0.15,0.35,0.35,0.35,0.5,0,1.57,3.87,5.53,0.65,0,0.35,2.42,0,0,0,1.33,8.07,1.66,1.01,1.92,7.74,7.54,0.44,0,0,0.35,0.3,12.67,196.86,50.07,event21
2019/6/2 3:00,0.71,0.15,0.35,0.35,0.35,0.5,0,1.57,3.87,5.53,0.65,0,0.35,2.42,0,0,0,1.33,8.07,1.66,1.01,1.92,7.74,7.54,0.44,0,0,0.35,0.3,0,12.67,196.86,46.84,event21
2019/6/2 4:00,0.15,0.35,0.35,0.35,0.5,0,1.57,3.87,5.53,0.65,0,0.35,2.42,0,0,0,1.33,8.07,1.66,1.01,1.92,7.74,7.54,0.44,0,0,0.35,0.3,0,0,12.67,196.86,43.61,event21
2019/6/2 5:00,0.35,0.35,0.35,0.5,0,1.57,3.87,5.53,0.65,0,0.35,2.42,0,0,0,1.33,8.07,1.66,1.01,1.92,7.74,7.54,0.44,0,0,0.35,0.3,0,0,0.86,12.67,196.86,40.39,event21
2019/6/2 6:00,0.35,0.35,0.5,0,1.57,3.87,5.53,0.65,0,0.35,2.42,0,0,0,1.33,8.07,1.66,1.01,1.92,7.74,7.54,0.44,0,0,0.35,0.3,0,0,0.86,0,12.67,196.86,37.16,event21
2019/6/2 7:00,0.35,0.5,0,1.57,3.87,5.53,0.65,0,0.35,2.42,0,0,0,1.33,8.07,1.66,1.01,1.92,7.74,7.54,0.44,0,0,0.35,0.3,0,0,0.86,0,0,12.67,196.86,33.93,event21
2019/6/2 8:00,0.5,0,1.57,3.87,5.53,0.65,0,0.35,2.42,0,0,0,1.33,8.07,1.66,1.01,1.92,7.74,7.54,0.44,0,0,0.35,0.3,0,0,0.86,0,0,0,12.67,196.86,30.7,event21
2019/6/2 9:00,0,1.57,3.87,5.53,0.65,0,0.35,2.42,0,0,0,1.33,8.07,1.66,1.01,1.92,7.74,7.54,0.44,0,0,0.35,0.3,0,0,0.86,0,0,0,0.15,12.67,196.86,29.94,event21
2019/6/2 10:00,1.57,3.87,5.53,0.65,0,0.35,2.42,0,0,0,1.33,8.07,1.66,1.01,1.92,7.74,7.54,0.44,0,0,0.35,0.3,0,0,0.86,0,0,0,0.15,0,12.67,196.86,29.19,event21
2019/6/2 11:00,3.87,5.53,0.65,0,0.35,2.42,0,0,0,1.33,8.07,1.66,1.01,1.92,7.74,7.54,0.44,0,0,0.35,0.3,0,0,0.86,0,0,0,0.15,0,0,12.67,196.86,28.43,event21
2019/6/2 12:00,5.53,0.65,0,0.35,2.42,0,0,0,1.33,8.07,1.66,1.01,1.92,7.74,7.54,0.44,0,0,0.35,0.3,0,0,0.86,0,0,0,0.15,0,0,0.35,12.67,196.86,27.67,event21
2019/6/2 13:00,0.65,0,0.35,2.42,0,0,0,1.33,8.07,1.66,1.01,1.92,7.74,7.54,0.44,0,0,0.35,0.3,0,0,0.86,0,0,0,0.15,0,0,0.35,5.47,12.67,196.86,26.91,event21
2019/6/2 14:00,0,0.35,2.42,0,0,0,1.33,8.07,1.66,1.01,1.92,7.74,7.54,0.44,0,0,0.35,0.3,0,0,0.86,0,0,0,0.15,0,0,0.35,5.47,4.97,12.67,196.86,26.16,event21
2019/6/2 15:00,0.35,2.42,0,0,0,1.33,8.07,1.66,1.01,1.92,7.74,7.54,0.44,0,0,0.35,0.3,0,0,0.86,0,0,0,0.15,0,0,0.35,5.47,4.97,7.42,12.67,196.86,25.4,event21
2019/6/2 16:00,2.42,0,0,0,1.33,8.07,1.66,1.01,1.92,7.74,7.54,0.44,0,0,0.35,0.3,0,0,0.86,0,0,0,0.15,0,0,0.35,5.47,4.97,7.42,7.15,12.67,196.86,33.3,event21
2019/6/2 17:00,0,0,0,1.33,8.07,1.66,1.01,1.92,7.74,7.54,0.44,0,0,0.35,0.3,0,0,0.86,0,0,0,0.15,0,0,0.35,5.47,4.97,7.42,7.15,4.26,12.67,196.86,65.4,event21
2019/6/2 18:00,0,0,1.33,8.07,1.66,1.01,1.92,7.74,7.54,0.44,0,0,0.35,0.3,0,0,0.86,0,0,0,0.15,0,0,0.35,5.47,4.97,7.42,7.15,4.26,4.76,12.67,196.86,80.2,event21
2019/6/2 19:00,0,1.33,8.07,1.66,1.01,1.92,7.74,7.54,0.44,0,0,0.35,0.3,0,0,0.86,0,0,0,0.15,0,0,0.35,5.47,4.97,7.42,7.15,4.26,4.76,18.06,12.67,196.86,83.1,event21
2019/6/2 20:00,1.33,8.07,1.66,1.01,1.92,7.74,7.54,0.44,0,0,0.35,0.3,0,0,0.86,0,0,0,0.15,0,0,0.35,5.47,4.97,7.42,7.15,4.26,4.76,18.06,0.35,12.67,196.86,141,event21
2019/6/2 21:00,8.07,1.66,1.01,1.92,7.74,7.54,0.44,0,0,0.35,0.3,0,0,0.86,0,0,0,0.15,0,0,0.35,5.47,4.97,7.42,7.15,4.26,4.76,18.06,0.35,0.15,12.67,196.86,163,event21
2019/6/2 22:00,1.66,1.01,1.92,7.74,7.54,0.44,0,0,0.35,0.3,0,0,0.86,0,0,0,0.15,0,0,0.35,5.47,4.97,7.42,7.15,4.26,4.76,18.06,0.35,0.15,0,12.67,196.86,130,event21
2019/6/2 23:00,1.01,1.92,7.74,7.54,0.44,0,0,0.35,0.3,0,0,0.86,0,0,0,0.15,0,0,0.35,5.47,4.97,7.42,7.15,4.26,4.76,18.06,0.35,0.15,0,0,12.67,196.86,96.3,event21
2019/6/3 0:00,1.92,7.74,7.54,0.44,0,0,0.35,0.3,0,0,0.86,0,0,0,0.15,0,0,0.35,5.47,4.97,7.42,7.15,4.26,4.76,18.06,0.35,0.15,0,0,0,12.67,196.86,69.9,event21
2019/6/3 1:00,7.74,7.54,0.44,0,0,0.35,0.3,0,0,0.86,0,0,0,0.15,0,0,0.35,5.47,4.97,7.42,7.15,4.26,4.76,18.06,0.35,0.15,0,0,0,0,12.67,196.86,41.9,event21
2019/6/3 2:00,7.54,0.44,0,0,0.35,0.3,0,0,0.86,0,0,0,0.15,0,0,0.35,5.47,4.97,7.42,7.15,4.26,4.76,18.06,0.35,0.15,0,0,0,0,0,12.67,196.86,39.05,event21
2019/6/3 3:00,0.44,0,0,0.35,0.3,0,0,0.86,0,0,0,0.15,0,0,0.35,5.47,4.97,7.42,7.15,4.26,4.76,18.06,0.35,0.15,0,0,0,0,0,0,12.67,196.86,36.2,event21
2019/6/3 4:00,0,0,0.35,0.3,0,0,0.86,0,0,0,0.15,0,0,0.35,5.47,4.97,7.42,7.15,4.26,4.76,18.06,0.35,0.15,0,0,0,0,0,0,0,12.67,196.86,33.35,event21
2019/6/3 5:00,0,0.35,0.3,0,0,0.86,0,0,0,0.15,0,0,0.35,5.47,4.97,7.42,7.15,4.26,4.76,18.06,0.35,0.15,0,0,0,0,0,0,0,0,12.67,196.86,30.5,event21
2019/6/3 6:00,0.35,0.3,0,0,0.86,0,0,0,0.15,0,0,0.35,5.47,4.97,7.42,7.15,4.26,4.76,18.06,0.35,0.15,0,0,0,0,0,0,0,0,0.35,12.67,196.86,27.65,event21
2019/6/3 7:00,0.3,0,0,0.86,0,0,0,0.15,0,0,0.35,5.47,4.97,7.42,7.15,4.26,4.76,18.06,0.35,0.15,0,0,0,0,0,0,0,0,0.35,0,12.67,196.86,24.8,event21
2019/6/3 8:00,0,0,0.86,0,0,0,0.15,0,0,0.35,5.47,4.97,7.42,7.15,4.26,4.76,18.06,0.35,0.15,0,0,0,0,0,0,0,0,0.35,0,0,12.67,196.86,37.3,event21
2019/6/3 9:00,0,0.86,0,0,0,0.15,0,0,0.35,5.47,4.97,7.42,7.15,4.26,4.76,18.06,0.35,0.15,0,0,0,0,0,0,0,0,0.35,0,0,0,12.67,196.86,38.45,event21
2019/6/3 10:00,0.86,0,0,0,0.15,0,0,0.35,5.47,4.97,7.42,7.15,4.26,4.76,18.06,0.35,0.15,0,0,0,0,0,0,0,0,0.35,0,0,0,0,12.67,196.86,39.6,event21
2019/6/3 11:00,0,0,0,0.15,0,0,0.35,5.47,4.97,7.42,7.15,4.26,4.76,18.06,0.35,0.15,0,0,0,0,0,0,0,0,0.35,0,0,0,0,4.52,12.67,196.86,40.75,event21
2019/6/3 12:00,0,0,0.15,0,0,0.35,5.47,4.97,7.42,7.15,4.26,4.76,18.06,0.35,0.15,0,0,0,0,0,0,0,0,0.35,0,0,0,0,4.52,2.66,12.67,196.86,41.9,event21
2019/6/3 13:00,0,0.15,0,0,0.35,5.47,4.97,7.42,7.15,4.26,4.76,18.06,0.35,0.15,0,0,0,0,0,0,0,0,0.35,0,0,0,0,4.52,2.66,0.15,12.67,196.86,40.72,event21
2019/6/3 14:00,0.15,0,0,0.35,5.47,4.97,7.42,7.15,4.26,4.76,18.06,0.35,0.15,0,0,0,0,0,0,0,0,0.35,0,0,0,0,4.52,2.66,0.15,0,12.67,196.86,39.54,event21
2019/6/3 15:00,0,0,0.35,5.47,4.97,7.42,7.15,4.26,4.76,18.06,0.35,0.15,0,0,0,0,0,0,0,0,0.35,0,0,0,0,4.52,2.66,0.15,0,0,12.67,196.86,38.36,event21
2019/6/3 16:00,0,0.35,5.47,4.97,7.42,7.15,4.26,4.76,18.06,0.35,0.15,0,0,0,0,0,0,0,0,0.35,0,0,0,0,4.52,2.66,0.15,0,0,0,12.67,196.86,37.18,event21
2019/6/3 17:00,0.35,5.47,4.97,7.42,7.15,4.26,4.76,18.06,0.35,0.15,0,0,0,0,0,0,0,0,0.35,0,0,0,0,4.52,2.66,0.15,0,0,0,0,12.67,196.86,36,event21
2019/6/3 18:00,5.47,4.97,7.42,7.15,4.26,4.76,18.06,0.35,0.15,0,0,0,0,0,0,0,0,0.35,0,0,0,0,4.52,2.66,0.15,0,0,0,0,0,12.67,196.86,35.24,event21
2019/6/3 19:00,4.97,7.42,7.15,4.26,4.76,18.06,0.35,0.15,0,0,0,0,0,0,0,0,0.35,0,0,0,0,4.52,2.66,0.15,0,0,0,0,0,0,12.67,196.86,34.49,event21
2019/6/3 20:00,7.42,7.15,4.26,4.76,18.06,0.35,0.15,0,0,0,0,0,0,0,0,0.35,0,0,0,0,4.52,2.66,0.15,0,0,0,0,0,0,0,12.67,196.86,33.73,event21
2019/6/3 21:00,7.15,4.26,4.76,18.06,0.35,0.15,0,0,0,0,0,0,0,0,0.35,0,0,0,0,4.52,2.66,0.15,0,0,0,0,0,0,0,0,12.67,196.86,32.97,event21
2019/6/3 22:00,4.26,4.76,18.06,0.35,0.15,0,0,0,0,0,0,0,0,0.35,0,0,0,0,4.52,2.66,0.15,0,0,0,0,0,0,0,0,0,12.67,196.86,32.21,event21
2019/6/3 23:00,4.76,18.06,0.35,0.15,0,0,0,0,0,0,0,0,0.35,0,0,0,0,4.52,2.66,0.15,0,0,0,0,0,0,0,0,0,0,12.67,196.86,31.46,event21
2019/6/4 0:00,18.06,0.35,0.15,0,0,0,0,0,0,0,0,0.35,0,0,0,0,4.52,2.66,0.15,0,0,0,0,0,0,0,0,0,0,0,12.67,196.86,30.7,event21
2019/6/4 1:00,0.35,0.15,0,0,0,0,0,0,0,0,0.35,0,0,0,0,4.52,2.66,0.15,0,0,0,0,0,0,0,0,0,0,0,0,12.67,196.86,30.04,event21
2019/6/4 2:00,0.15,0,0,0,0,0,0,0,0,0.35,0,0,0,0,4.52,2.66,0.15,0,0,0,0,0,0,0,0,0,0,0,0,0,12.67,196.86,29.38,event21
2019/6/4 3:00,0,0,0,0,0,0,0,0,0.35,0,0,0,0,4.52,2.66,0.15,0,0,0,0,0,0,0,0,0,0,0,0,0,0,12.67,196.86,28.71,event21
2019/6/4 4:00,0,0,0,0,0,0,0,0.35,0,0,0,0,4.52,2.66,0.15,0,0,0,0,0,0,0,0,0,0,0,0,0,0,0,12.67,196.86,28.05,event21
2019/6/4 5:00,0,0,0,0,0,0,0.35,0,0,0,0,4.52,2.66,0.15,0,0,0,0,0,0,0,0,0,0,0,0,0,0,0,0,12.67,196.86,27.39,event21
2019/6/4 6:00,0,0,0,0,0,0.35,0,0,0,0,4.52,2.66,0.15,0,0,0,0,0,0,0,0,0,0,0,0,0,0,0,0,0,12.67,196.86,26.72,event21
2019/6/4 7:00,0,0,0,0,0.35,0,0,0,0,4.52,2.66,0.15,0,0,0,0,0,0,0,0,0,0,0,0,0,0,0,0,0,0,12.67,196.86,26.06,event21
2019/6/4 8:00,0,0,0,0.35,0,0,0,0,4.52,2.66,0.15,0,0,0,0,0,0,0,0,0,0,0,0,0,0,0,0,0,0,0,12.67,196.86,25.4,event21
2019/6/4 9:00,0,0,0.35,0,0,0,0,4.52,2.66,0.15,0,0,0,0,0,0,0,0,0,0,0,0,0,0,0,0,0,0,0,0,12.67,196.86,24.97,event21
2019/6/4 10:00,0,0.35,0,0,0,0,4.52,2.66,0.15,0,0,0,0,0,0,0,0,0,0,0,0,0,0,0,0,0,0,0,0,0,12.67,196.86,24.53,event21
2019/6/4 11:00,0.35,0,0,0,0,4.52,2.66,0.15,0,0,0,0,0,0,0,0,0,0,0,0,0,0,0,0,0,0,0,0,0,0,12.67,196.86,24.1,event21
2019/6/4 12:00,0,0,0,0,4.52,2.66,0.15,0,0,0,0,0,0,0,0,0,0,0,0,0,0,0,0,0,0,0,0,0,0,0,12.67,196.86,23.67,event21
2019/6/4 13:00,0,0,0,4.52,2.66,0.15,0,0,0,0,0,0,0,0,0,0,0,0,0,0,0,0,0,0,0,0,0,0,0,0,12.67,196.86,23.23,event21
2019/6/4 14:00,0,0,4.52,2.66,0.15,0,0,0,0,0,0,0,0,0,0,0,0,0,0,0,0,0,0,0,0,0,0,0,0,0,12.67,196.86,22.8,event21
2019/6/4 15:00,0,4.52,2.66,0.15,0,0,0,0,0,0,0,0,0,0,0,0,0,0,0,0,0,0,0,0,0,0,0,0,0,0,12.67,196.86,22.37,event21
2019/6/4 16:00,4.52,2.66,0.15,0,0,0,0,0,0,0,0,0,0,0,0,0,0,0,0,0,0,0,0,0,0,0,0,0,0,0,12.67,196.86,21.93,event21
2019/6/4 17:00,2.66,0.15,0,0,0,0,0,0,0,0,0,0,0,0,0,0,0,0,0,0,0,0,0,0,0,0,0,0,0,0,12.67,196.86,21.5,event21
